CODIGO;AÑO ESCOLAR;GRADO;ASIGNATURA;RESULTADO
20032067;2017-2018;12;LECTURA CRITICA;72
20032067;2017-2018;12;MATEMATICAS;70
20032067;2017-2018;12;SOCIALES Y CIUDADANAS;64
20032067;2017-2018;12;CIENCIAS;73
20032067;2017-2018;12;INGLES;83
20032067;2017-2018;12;GLOBAL;354
20032070;2017-2018;12;LECTURA CRITICA;64
20032070;2017-2018;12;MATEMATICAS;70
20032070;2017-2018;12;SOCIALES Y CIUDADANAS;64
20032070;2017-2018;12;CIENCIAS;70
20032070;2017-2018;12;INGLES;78
20032070;2017-2018;12;GLOBAL;339
20032072;2017-2018;12;LECTURA CRITICA;62
20032072;2017-2018;12;MATEMATICAS;67
20032072;2017-2018;12;SOCIALES Y CIUDADANAS;66
20032072;2017-2018;12;CIENCIAS;57
20032072;2017-2018;12;INGLES;79
20032072;2017-2018;12;GLOBAL;321
20032007;2017-2018;12;LECTURA CRITICA;64
20032007;2017-2018;12;MATEMATICAS;84
20032007;2017-2018;12;SOCIALES Y CIUDADANAS;67
20032007;2017-2018;12;CIENCIAS;72
20032007;2017-2018;12;INGLES;79
20032007;2017-2018;12;GLOBAL;362
20032006;2017-2018;12;LECTURA CRITICA;68
20032006;2017-2018;12;MATEMATICAS;73
20032006;2017-2018;12;SOCIALES Y CIUDADANAS;61
20032006;2017-2018;12;CIENCIAS;66
20032006;2017-2018;12;INGLES;81
20032006;2017-2018;12;GLOBAL;340
20042186;2017-2018;12;LECTURA CRITICA;66
20042186;2017-2018;12;MATEMATICAS;66
20042186;2017-2018;12;SOCIALES Y CIUDADANAS;71
20042186;2017-2018;12;CIENCIAS;59
20042186;2017-2018;12;INGLES;90
20042186;2017-2018;12;GLOBAL;337
20042169;2017-2018;12;LECTURA CRITICA;74
20042169;2017-2018;12;MATEMATICAS;67
20042169;2017-2018;12;SOCIALES Y CIUDADANAS;64
20042169;2017-2018;12;CIENCIAS;60
20042169;2017-2018;12;INGLES;80
20042169;2017-2018;12;GLOBAL;337
20052366;2017-2018;12;LECTURA CRITICA;60
20052366;2017-2018;12;MATEMATICAS;63
20052366;2017-2018;12;SOCIALES Y CIUDADANAS;67
20052366;2017-2018;12;CIENCIAS;66
20052366;2017-2018;12;INGLES;0
20052366;2017-2018;12;GLOBAL;320
20032023;2017-2018;12;LECTURA CRITICA;67
20032023;2017-2018;12;MATEMATICAS;69
20032023;2017-2018;12;SOCIALES Y CIUDADANAS;69
20032023;2017-2018;12;CIENCIAS;68
20032023;2017-2018;12;INGLES;81
20032023;2017-2018;12;GLOBAL;346
20032028;2017-2018;12;LECTURA CRITICA;65
20032028;2017-2018;12;MATEMATICAS;72
20032028;2017-2018;12;SOCIALES Y CIUDADANAS;68
20032028;2017-2018;12;CIENCIAS;66
20032028;2017-2018;12;INGLES;84
20032028;2017-2018;12;GLOBAL;345
20022099;2017-2018;12;LECTURA CRITICA;77
20022099;2017-2018;12;MATEMATICAS;71
20022099;2017-2018;12;SOCIALES Y CIUDADANAS;67
20022099;2017-2018;12;CIENCIAS;70
20022099;2017-2018;12;INGLES;86
20022099;2017-2018;12;GLOBAL;362
20130081;2017-2018;12;LECTURA CRITICA;75
20130081;2017-2018;12;MATEMATICAS;69
20130081;2017-2018;12;SOCIALES Y CIUDADANAS;69
20130081;2017-2018;12;CIENCIAS;78
20130081;2017-2018;12;INGLES;81
20130081;2017-2018;12;GLOBAL;367
20062365;2017-2018;12;LECTURA CRITICA;64
20062365;2017-2018;12;MATEMATICAS;67
20062365;2017-2018;12;SOCIALES Y CIUDADANAS;65
20062365;2017-2018;12;CIENCIAS;61
20062365;2017-2018;12;INGLES;82
20062365;2017-2018;12;GLOBAL;328
20032034;2017-2018;12;LECTURA CRITICA;63
20032034;2017-2018;12;MATEMATICAS;72
20032034;2017-2018;12;SOCIALES Y CIUDADANAS;64
20032034;2017-2018;12;CIENCIAS;66
20032034;2017-2018;12;INGLES;79
20032034;2017-2018;12;GLOBAL;336
20042165;2017-2018;12;LECTURA CRITICA;69
20042165;2017-2018;12;MATEMATICAS;71
20042165;2017-2018;12;SOCIALES Y CIUDADANAS;67
20042165;2017-2018;12;CIENCIAS;72
20042165;2017-2018;12;INGLES;84
20042165;2017-2018;12;GLOBAL;354
20032043;2017-2018;12;LECTURA CRITICA;72
20032043;2017-2018;12;MATEMATICAS;74
20032043;2017-2018;12;SOCIALES Y CIUDADANAS;72
20032043;2017-2018;12;CIENCIAS;68
20032043;2017-2018;12;INGLES;87
20032043;2017-2018;12;GLOBAL;363
20032041;2017-2018;12;LECTURA CRITICA;70
20032041;2017-2018;12;MATEMATICAS;68
20032041;2017-2018;12;SOCIALES Y CIUDADANAS;68
20032041;2017-2018;12;CIENCIAS;65
20032041;2017-2018;12;INGLES;83
20032041;2017-2018;12;GLOBAL;345
20042168;2017-2018;12;LECTURA CRITICA;71
20042168;2017-2018;12;MATEMATICAS;73
20042168;2017-2018;12;SOCIALES Y CIUDADANAS;74
20042168;2017-2018;12;CIENCIAS;77
20042168;2017-2018;12;INGLES;79
20042168;2017-2018;12;GLOBAL;371
20032080;2017-2018;12;LECTURA CRITICA;65
20032080;2017-2018;12;MATEMATICAS;71
20032080;2017-2018;12;SOCIALES Y CIUDADANAS;64
20032080;2017-2018;12;CIENCIAS;74
20032080;2017-2018;12;INGLES;85
20032080;2017-2018;12;GLOBAL;349
20032077;2017-2018;12;LECTURA CRITICA;76
20032077;2017-2018;12;MATEMATICAS;74
20032077;2017-2018;12;SOCIALES Y CIUDADANAS;71
20032077;2017-2018;12;CIENCIAS;73
20032077;2017-2018;12;INGLES;87
20032077;2017-2018;12;GLOBAL;373
20161147;2017-2018;12;LECTURA CRITICA;71
20161147;2017-2018;12;MATEMATICAS;70
20161147;2017-2018;12;SOCIALES Y CIUDADANAS;75
20161147;2017-2018;12;CIENCIAS;68
20161147;2017-2018;12;INGLES;84
20161147;2017-2018;12;GLOBAL;360
20032065;2017-2018;12;LECTURA CRITICA;71
20032065;2017-2018;12;MATEMATICAS;84
20032065;2017-2018;12;SOCIALES Y CIUDADANAS;79
20032065;2017-2018;12;CIENCIAS;74
20032065;2017-2018;12;INGLES;81
20032065;2017-2018;12;GLOBAL;387
20032068;2017-2018;12;LECTURA CRITICA;70
20032068;2017-2018;12;MATEMATICAS;67
20032068;2017-2018;12;SOCIALES Y CIUDADANAS;69
20032068;2017-2018;12;CIENCIAS;66
20032068;2017-2018;12;INGLES;85
20032068;2017-2018;12;GLOBAL;347
20032004;2017-2018;12;LECTURA CRITICA;75
20032004;2017-2018;12;MATEMATICAS;78
20032004;2017-2018;12;SOCIALES Y CIUDADANAS;70
20032004;2017-2018;12;CIENCIAS;71
20032004;2017-2018;12;INGLES;83
20032004;2017-2018;12;GLOBAL;371
20100485;2017-2018;12;LECTURA CRITICA;66
20100485;2017-2018;12;MATEMATICAS;58
20100485;2017-2018;12;SOCIALES Y CIUDADANAS;58
20100485;2017-2018;12;CIENCIAS;57
20100485;2017-2018;12;INGLES;82
20100485;2017-2018;12;GLOBAL;307
20090348;2017-2018;12;LECTURA CRITICA;73
20090348;2017-2018;12;MATEMATICAS;76
20090348;2017-2018;12;SOCIALES Y CIUDADANAS;77
20090348;2017-2018;12;CIENCIAS;75
20090348;2017-2018;12;INGLES;85
20090348;2017-2018;12;GLOBAL;380
20032013;2017-2018;12;LECTURA CRITICA;63
20032013;2017-2018;12;MATEMATICAS;59
20032013;2017-2018;12;SOCIALES Y CIUDADANAS;66
20032013;2017-2018;12;CIENCIAS;68
20032013;2017-2018;12;INGLES;83
20032013;2017-2018;12;GLOBAL;327
20032095;2017-2018;12;LECTURA CRITICA;69
20032095;2017-2018;12;MATEMATICAS;70
20032095;2017-2018;12;SOCIALES Y CIUDADANAS;73
20032095;2017-2018;12;CIENCIAS;66
20032095;2017-2018;12;INGLES;84
20032095;2017-2018;12;GLOBAL;353
20032021;2017-2018;12;LECTURA CRITICA;67
20032021;2017-2018;12;MATEMATICAS;71
20032021;2017-2018;12;SOCIALES Y CIUDADANAS;76
20032021;2017-2018;12;CIENCIAS;73
20032021;2017-2018;12;INGLES;86
20032021;2017-2018;12;GLOBAL;364
20042156;2017-2018;12;LECTURA CRITICA;75
20042156;2017-2018;12;MATEMATICAS;78
20042156;2017-2018;12;SOCIALES Y CIUDADANAS;74
20042156;2017-2018;12;CIENCIAS;77
20042156;2017-2018;12;INGLES;88
20042156;2017-2018;12;GLOBAL;385
20032026;2017-2018;12;LECTURA CRITICA;76
20032026;2017-2018;12;MATEMATICAS;84
20032026;2017-2018;12;SOCIALES Y CIUDADANAS;77
20032026;2017-2018;12;CIENCIAS;69
20032026;2017-2018;12;INGLES;81
20032026;2017-2018;12;GLOBAL;384
20022049;2017-2018;12;LECTURA CRITICA;71
20022049;2017-2018;12;MATEMATICAS;55
20022049;2017-2018;12;SOCIALES Y CIUDADANAS;67
20022049;2017-2018;12;CIENCIAS;62
20022049;2017-2018;12;INGLES;86
20022049;2017-2018;12;GLOBAL;327
20042181;2017-2018;12;LECTURA CRITICA;57
20042181;2017-2018;12;MATEMATICAS;56
20042181;2017-2018;12;SOCIALES Y CIUDADANAS;58
20042181;2017-2018;12;CIENCIAS;48
20042181;2017-2018;12;INGLES;81
20042181;2017-2018;12;GLOBAL;284
20032036;2017-2018;12;LECTURA CRITICA;62
20032036;2017-2018;12;MATEMATICAS;65
20032036;2017-2018;12;SOCIALES Y CIUDADANAS;71
20032036;2017-2018;12;CIENCIAS;64
20032036;2017-2018;12;INGLES;81
20032036;2017-2018;12;GLOBAL;333
20032039;2017-2018;12;LECTURA CRITICA;76
20032039;2017-2018;12;MATEMATICAS;75
20032039;2017-2018;12;SOCIALES Y CIUDADANAS;73
20032039;2017-2018;12;CIENCIAS;68
20032039;2017-2018;12;INGLES;84
20032039;2017-2018;12;GLOBAL;369
20032040;2017-2018;12;LECTURA CRITICA;71
20032040;2017-2018;12;MATEMATICAS;64
20032040;2017-2018;12;SOCIALES Y CIUDADANAS;65
20032040;2017-2018;12;CIENCIAS;66
20032040;2017-2018;12;INGLES;82
20032040;2017-2018;12;GLOBAL;338
20032044;2017-2018;12;LECTURA CRITICA;74
20032044;2017-2018;12;MATEMATICAS;74
20032044;2017-2018;12;SOCIALES Y CIUDADANAS;78
20032044;2017-2018;12;CIENCIAS;65
20032044;2017-2018;12;INGLES;85
20032044;2017-2018;12;GLOBAL;368
20032046;2017-2018;12;LECTURA CRITICA;69
20032046;2017-2018;12;MATEMATICAS;80
20032046;2017-2018;12;SOCIALES Y CIUDADANAS;74
20032046;2017-2018;12;CIENCIAS;72
20032046;2017-2018;12;INGLES;82
20032046;2017-2018;12;GLOBAL;372
20042163;2017-2018;12;LECTURA CRITICA;72
20042163;2017-2018;12;MATEMATICAS;74
20042163;2017-2018;12;SOCIALES Y CIUDADANAS;74
20042163;2017-2018;12;CIENCIAS;72
20042163;2017-2018;12;INGLES;88
20042163;2017-2018;12;GLOBAL;371
20032057;2017-2018;12;LECTURA CRITICA;69
20032057;2017-2018;12;MATEMATICAS;70
20032057;2017-2018;12;SOCIALES Y CIUDADANAS;67
20032057;2017-2018;12;CIENCIAS;68
20032057;2017-2018;12;INGLES;86
20032057;2017-2018;12;GLOBAL;349
20032063;2017-2018;12;LECTURA CRITICA;70
20032063;2017-2018;12;MATEMATICAS;69
20032063;2017-2018;12;SOCIALES Y CIUDADANAS;76
20032063;2017-2018;12;CIENCIAS;69
20032063;2017-2018;12;INGLES;81
20032063;2017-2018;12;GLOBAL;359
20032002;2017-2018;12;LECTURA CRITICA;64
20032002;2017-2018;12;MATEMATICAS;71
20032002;2017-2018;12;SOCIALES Y CIUDADANAS;71
20032002;2017-2018;12;CIENCIAS;72
20032002;2017-2018;12;INGLES;83
20032002;2017-2018;12;GLOBAL;353
20032003;2017-2018;12;LECTURA CRITICA;81
20032003;2017-2018;12;MATEMATICAS;78
20032003;2017-2018;12;SOCIALES Y CIUDADANAS;68
20032003;2017-2018;12;CIENCIAS;75
20032003;2017-2018;12;INGLES;83
20032003;2017-2018;12;GLOBAL;380
20022028;2017-2018;12;LECTURA CRITICA;54
20022028;2017-2018;12;MATEMATICAS;64
20022028;2017-2018;12;SOCIALES Y CIUDADANAS;66
20022028;2017-2018;12;CIENCIAS;67
20022028;2017-2018;12;INGLES;0
20022028;2017-2018;12;GLOBAL;314
20032027;2017-2018;12;LECTURA CRITICA;72
20032027;2017-2018;12;MATEMATICAS;71
20032027;2017-2018;12;SOCIALES Y CIUDADANAS;70
20032027;2017-2018;12;CIENCIAS;65
20032027;2017-2018;12;INGLES;82
20032027;2017-2018;12;GLOBAL;352
20032029;2017-2018;12;LECTURA CRITICA;60
20032029;2017-2018;12;MATEMATICAS;63
20032029;2017-2018;12;SOCIALES Y CIUDADANAS;61
20032029;2017-2018;12;CIENCIAS;66
20032029;2017-2018;12;INGLES;78
20032029;2017-2018;12;GLOBAL;318
20062393;2017-2018;12;LECTURA CRITICA;74
20062393;2017-2018;12;MATEMATICAS;71
20062393;2017-2018;12;SOCIALES Y CIUDADANAS;70
20062393;2017-2018;12;CIENCIAS;69
20062393;2017-2018;12;INGLES;80
20062393;2017-2018;12;GLOBAL;358
20022098;2017-2018;12;LECTURA CRITICA;65
20022098;2017-2018;12;MATEMATICAS;71
20022098;2017-2018;12;SOCIALES Y CIUDADANAS;73
20022098;2017-2018;12;CIENCIAS;66
20022098;2017-2018;12;INGLES;87
20022098;2017-2018;12;GLOBAL;351
20042159;2017-2018;12;LECTURA CRITICA;71
20042159;2017-2018;12;MATEMATICAS;63
20042159;2017-2018;12;SOCIALES Y CIUDADANAS;65
20042159;2017-2018;12;CIENCIAS;68
20042159;2017-2018;12;INGLES;89
20042159;2017-2018;12;GLOBAL;342
20042215;2017-2018;12;LECTURA CRITICA;65
20042215;2017-2018;12;MATEMATICAS;59
20042215;2017-2018;12;SOCIALES Y CIUDADANAS;57
20042215;2017-2018;12;CIENCIAS;65
20042215;2017-2018;12;INGLES;83
20042215;2017-2018;12;GLOBAL;316
20042167;2017-2018;12;LECTURA CRITICA;65
20042167;2017-2018;12;MATEMATICAS;82
20042167;2017-2018;12;SOCIALES Y CIUDADANAS;68
20042167;2017-2018;12;CIENCIAS;72
20042167;2017-2018;12;INGLES;88
20042167;2017-2018;12;GLOBAL;365
20070273;2017-2018;12;LECTURA CRITICA;62
20070273;2017-2018;12;MATEMATICAS;71
20070273;2017-2018;12;SOCIALES Y CIUDADANAS;71
20070273;2017-2018;12;CIENCIAS;67
20070273;2017-2018;12;INGLES;82
20070273;2017-2018;12;GLOBAL;344
20042085;2017-2018;12;LECTURA CRITICA;68
20042085;2017-2018;12;MATEMATICAS;65
20042085;2017-2018;12;SOCIALES Y CIUDADANAS;73
20042085;2017-2018;12;CIENCIAS;70
20042085;2017-2018;12;INGLES;83
20042085;2017-2018;12;GLOBAL;350
20032082;2017-2018;12;LECTURA CRITICA;70
20032082;2017-2018;12;MATEMATICAS;68
20032082;2017-2018;12;SOCIALES Y CIUDADANAS;66
20032082;2017-2018;12;CIENCIAS;66
20032082;2017-2018;12;INGLES;83
20032082;2017-2018;12;GLOBAL;343
20042164;2017-2018;12;LECTURA CRITICA;73
20042164;2017-2018;12;MATEMATICAS;80
20042164;2017-2018;12;SOCIALES Y CIUDADANAS;75
20042164;2017-2018;12;CIENCIAS;71
20042164;2017-2018;12;INGLES;83
20042164;2017-2018;12;GLOBAL;377
20032055;2017-2018;12;LECTURA CRITICA;65
20032055;2017-2018;12;MATEMATICAS;65
20032055;2017-2018;12;SOCIALES Y CIUDADANAS;69
20032055;2017-2018;12;CIENCIAS;61
20032055;2017-2018;12;INGLES;86
20032055;2017-2018;12;GLOBAL;333
20032054;2017-2018;12;LECTURA CRITICA;78
20032054;2017-2018;12;MATEMATICAS;72
20032054;2017-2018;12;SOCIALES Y CIUDADANAS;62
20032054;2017-2018;12;CIENCIAS;65
20032054;2017-2018;12;INGLES;82
20032054;2017-2018;12;GLOBAL;351
20032052;2017-2018;12;LECTURA CRITICA;60
20032052;2017-2018;12;MATEMATICAS;61
20032052;2017-2018;12;SOCIALES Y CIUDADANAS;55
20032052;2017-2018;12;CIENCIAS;63
20032052;2017-2018;12;INGLES;70
20032052;2017-2018;12;GLOBAL;303
20080261;2017-2018;12;LECTURA CRITICA;55
20080261;2017-2018;12;MATEMATICAS;59
20080261;2017-2018;12;SOCIALES Y CIUDADANAS;55
20080261;2017-2018;12;CIENCIAS;53
20080261;2017-2018;12;INGLES;80
20080261;2017-2018;12;GLOBAL;287
20042076;2017-2018;12;LECTURA CRITICA;74
20042076;2017-2018;12;MATEMATICAS;76
20042076;2017-2018;12;SOCIALES Y CIUDADANAS;69
20042076;2017-2018;12;CIENCIAS;72
20042076;2017-2018;12;INGLES;85
20042076;2017-2018;12;GLOBAL;368
20032058;2017-2018;12;LECTURA CRITICA;75
20032058;2017-2018;12;MATEMATICAS;100
20032058;2017-2018;12;SOCIALES Y CIUDADANAS;68
20032058;2017-2018;12;CIENCIAS;71
20032058;2017-2018;12;INGLES;85
20032058;2017-2018;12;GLOBAL;395
20052002;2019-2020;12;LECTURA CRITICA;45
20052002;2019-2020;12;MATEMATICAS;57
20052002;2019-2020;12;SOCIALES Y CIUDADANAS;26
20052002;2019-2020;12;CIENCIAS;50
20052002;2019-2020;12;INGLES;75
20052002;2019-2020;12;GLOBAL;234
20052001;2019-2020;12;LECTURA CRITICA;64
20052001;2019-2020;12;MATEMATICAS;77
20052001;2019-2020;12;SOCIALES Y CIUDADANAS;60
20052001;2019-2020;12;CIENCIAS;65
20052001;2019-2020;12;INGLES;100
20052001;2019-2020;12;GLOBAL;345
20072268;2019-2020;12;LECTURA CRITICA;53
20072268;2019-2020;12;MATEMATICAS;60
20072268;2019-2020;12;SOCIALES Y CIUDADANAS;45
20072268;2019-2020;12;CIENCIAS;63
20072268;2019-2020;12;INGLES;84
20072268;2019-2020;12;GLOBAL;287
20062138;2019-2020;12;LECTURA CRITICA;70
20062138;2019-2020;12;MATEMATICAS;73
20062138;2019-2020;12;SOCIALES Y CIUDADANAS;64
20062138;2019-2020;12;CIENCIAS;64
20062138;2019-2020;12;INGLES;84
20062138;2019-2020;12;GLOBAL;345
20062139;2019-2020;12;LECTURA CRITICA;70
20062139;2019-2020;12;MATEMATICAS;64
20062139;2019-2020;12;SOCIALES Y CIUDADANAS;62
20062139;2019-2020;12;CIENCIAS;66
20062139;2019-2020;12;INGLES;84
20062139;2019-2020;12;GLOBAL;335
20100277;2019-2020;12;LECTURA CRITICA;71
20100277;2019-2020;12;MATEMATICAS;73
20100277;2019-2020;12;SOCIALES Y CIUDADANAS;81
20100277;2019-2020;12;CIENCIAS;72
20100277;2019-2020;12;INGLES;83
20100277;2019-2020;12;GLOBAL;375
20052007;2019-2020;12;LECTURA CRITICA;
20052007;2019-2020;12;MATEMATICAS;
20052007;2019-2020;12;SOCIALES Y CIUDADANAS;
20052007;2019-2020;12;CIENCIAS;
20052007;2019-2020;12;INGLES;
20052007;2019-2020;12;GLOBAL;
20042003;2019-2020;12;LECTURA CRITICA;55
20042003;2019-2020;12;MATEMATICAS;64
20042003;2019-2020;12;SOCIALES Y CIUDADANAS;36
20042003;2019-2020;12;CIENCIAS;50
20042003;2019-2020;12;INGLES;73
20042003;2019-2020;12;GLOBAL;265
20072241;2019-2020;12;LECTURA CRITICA;
20072241;2019-2020;12;MATEMATICAS;
20072241;2019-2020;12;SOCIALES Y CIUDADANAS;
20072241;2019-2020;12;CIENCIAS;
20072241;2019-2020;12;INGLES;
20072241;2019-2020;12;GLOBAL;
20082301;2019-2020;12;LECTURA CRITICA;64
20082301;2019-2020;12;MATEMATICAS;69
20082301;2019-2020;12;SOCIALES Y CIUDADANAS;65
20082301;2019-2020;12;CIENCIAS;60
20082301;2019-2020;12;INGLES;77
20082301;2019-2020;12;GLOBAL;327
20052008;2019-2020;12;LECTURA CRITICA;64
20052008;2019-2020;12;MATEMATICAS;69
20052008;2019-2020;12;SOCIALES Y CIUDADANAS;65
20052008;2019-2020;12;CIENCIAS;62
20052008;2019-2020;12;INGLES;80
20052008;2019-2020;12;GLOBAL;331
20052005;2019-2020;12;LECTURA CRITICA;61
20052005;2019-2020;12;MATEMATICAS;74
20052005;2019-2020;12;SOCIALES Y CIUDADANAS;61
20052005;2019-2020;12;CIENCIAS;67
20052005;2019-2020;12;INGLES;82
20052005;2019-2020;12;GLOBAL;335
20052010;2019-2020;12;LECTURA CRITICA;61
20052010;2019-2020;12;MATEMATICAS;66
20052010;2019-2020;12;SOCIALES Y CIUDADANAS;62
20052010;2019-2020;12;CIENCIAS;58
20052010;2019-2020;12;INGLES;80
20052010;2019-2020;12;GLOBAL;316
20052068;2019-2020;12;LECTURA CRITICA;63
20052068;2019-2020;12;MATEMATICAS;71
20052068;2019-2020;12;SOCIALES Y CIUDADANAS;57
20052068;2019-2020;12;CIENCIAS;68
20052068;2019-2020;12;INGLES;85
20052068;2019-2020;12;GLOBAL;332
20052069;2019-2020;12;LECTURA CRITICA;
20052069;2019-2020;12;MATEMATICAS;
20052069;2019-2020;12;SOCIALES Y CIUDADANAS;
20052069;2019-2020;12;CIENCIAS;
20052069;2019-2020;12;INGLES;
20052069;2019-2020;12;GLOBAL;
20062062;2019-2020;12;LECTURA CRITICA;
20062062;2019-2020;12;MATEMATICAS;
20062062;2019-2020;12;SOCIALES Y CIUDADANAS;
20062062;2019-2020;12;CIENCIAS;
20062062;2019-2020;12;INGLES;
20062062;2019-2020;12;GLOBAL;
20130078;2019-2020;12;LECTURA CRITICA;68
20130078;2019-2020;12;MATEMATICAS;67
20130078;2019-2020;12;SOCIALES Y CIUDADANAS;62
20130078;2019-2020;12;CIENCIAS;61
20130078;2019-2020;12;INGLES;76
20130078;2019-2020;12;GLOBAL;327
20052012;2019-2020;12;LECTURA CRITICA;58
20052012;2019-2020;12;MATEMATICAS;51
20052012;2019-2020;12;SOCIALES Y CIUDADANAS;49
20052012;2019-2020;12;CIENCIAS;48
20052012;2019-2020;12;INGLES;75
20052012;2019-2020;12;GLOBAL;267
20042015;2019-2020;12;LECTURA CRITICA;65
20042015;2019-2020;12;MATEMATICAS;50
20042015;2019-2020;12;SOCIALES Y CIUDADANAS;58
20042015;2019-2020;12;CIENCIAS;47
20042015;2019-2020;12;INGLES;81
20042015;2019-2020;12;GLOBAL;285
20062140;2019-2020;12;LECTURA CRITICA;68
20062140;2019-2020;12;MATEMATICAS;69
20062140;2019-2020;12;SOCIALES Y CIUDADANAS;62
20062140;2019-2020;12;CIENCIAS;62
20062140;2019-2020;12;INGLES;79
20062140;2019-2020;12;GLOBAL;332
20052092;2019-2020;12;LECTURA CRITICA;56
20052092;2019-2020;12;MATEMATICAS;65
20052092;2019-2020;12;SOCIALES Y CIUDADANAS;55
20052092;2019-2020;12;CIENCIAS;57
20052092;2019-2020;12;INGLES;81
20052092;2019-2020;12;GLOBAL;300
20052011;2019-2020;12;LECTURA CRITICA;77
20052011;2019-2020;12;MATEMATICAS;63
20052011;2019-2020;12;SOCIALES Y CIUDADANAS;71
20052011;2019-2020;12;CIENCIAS;58
20052011;2019-2020;12;INGLES;84
20052011;2019-2020;12;GLOBAL;343
20042020;2019-2020;12;LECTURA CRITICA;
20042020;2019-2020;12;MATEMATICAS;
20042020;2019-2020;12;SOCIALES Y CIUDADANAS;
20042020;2019-2020;12;CIENCIAS;
20042020;2019-2020;12;INGLES;
20042020;2019-2020;12;GLOBAL;
20042012;2019-2020;12;LECTURA CRITICA;38
20042012;2019-2020;12;MATEMATICAS;32
20042012;2019-2020;12;SOCIALES Y CIUDADANAS;42
20042012;2019-2020;12;CIENCIAS;31
20042012;2019-2020;12;INGLES;72
20042012;2019-2020;12;GLOBAL;193
20062141;2019-2020;12;LECTURA CRITICA;67
20062141;2019-2020;12;MATEMATICAS;78
20062141;2019-2020;12;SOCIALES Y CIUDADANAS;69
20062141;2019-2020;12;CIENCIAS;73
20062141;2019-2020;12;INGLES;84
20062141;2019-2020;12;GLOBAL;363
20170174;2019-2020;12;LECTURA CRITICA;63
20170174;2019-2020;12;MATEMATICAS;55
20170174;2019-2020;12;SOCIALES Y CIUDADANAS;48
20170174;2019-2020;12;CIENCIAS;36
20170174;2019-2020;12;INGLES;73
20170174;2019-2020;12;GLOBAL;261
20052013;2019-2020;12;LECTURA CRITICA;81
20052013;2019-2020;12;MATEMATICAS;78
20052013;2019-2020;12;SOCIALES Y CIUDADANAS;77
20052013;2019-2020;12;CIENCIAS;76
20052013;2019-2020;12;INGLES;100
20052013;2019-2020;12;GLOBAL;398
20062142;2019-2020;12;LECTURA CRITICA;74
20062142;2019-2020;12;MATEMATICAS;75
20062142;2019-2020;12;SOCIALES Y CIUDADANAS;76
20062142;2019-2020;12;CIENCIAS;68
20062142;2019-2020;12;INGLES;86
20062142;2019-2020;12;GLOBAL;371
20090164;2019-2020;12;LECTURA CRITICA;
20090164;2019-2020;12;MATEMATICAS;
20090164;2019-2020;12;SOCIALES Y CIUDADANAS;
20090164;2019-2020;12;CIENCIAS;
20090164;2019-2020;12;INGLES;
20090164;2019-2020;12;GLOBAL;
20052016;2019-2020;12;LECTURA CRITICA;63
20052016;2019-2020;12;MATEMATICAS;60
20052016;2019-2020;12;SOCIALES Y CIUDADANAS;61
20052016;2019-2020;12;CIENCIAS;60
20052016;2019-2020;12;INGLES;86
20052016;2019-2020;12;GLOBAL;315
20052049;2019-2020;12;LECTURA CRITICA;
20052049;2019-2020;12;MATEMATICAS;
20052049;2019-2020;12;SOCIALES Y CIUDADANAS;
20052049;2019-2020;12;CIENCIAS;
20052049;2019-2020;12;INGLES;
20052049;2019-2020;12;GLOBAL;
20052019;2019-2020;12;LECTURA CRITICA;
20052019;2019-2020;12;MATEMATICAS;
20052019;2019-2020;12;SOCIALES Y CIUDADANAS;
20052019;2019-2020;12;CIENCIAS;
20052019;2019-2020;12;INGLES;
20052019;2019-2020;12;GLOBAL;
20052018;2019-2020;12;LECTURA CRITICA;65
20052018;2019-2020;12;MATEMATICAS;67
20052018;2019-2020;12;SOCIALES Y CIUDADANAS;61
20052018;2019-2020;12;CIENCIAS;66
20052018;2019-2020;12;INGLES;78
20052018;2019-2020;12;GLOBAL;329
20052020;2019-2020;12;LECTURA CRITICA;54
20052020;2019-2020;12;MATEMATICAS;66
20052020;2019-2020;12;SOCIALES Y CIUDADANAS;56
20052020;2019-2020;12;CIENCIAS;55
20052020;2019-2020;12;INGLES;75
20052020;2019-2020;12;GLOBAL;295
20052023;2019-2020;12;LECTURA CRITICA;75
20052023;2019-2020;12;MATEMATICAS;68
20052023;2019-2020;12;SOCIALES Y CIUDADANAS;70
20052023;2019-2020;12;CIENCIAS;69
20052023;2019-2020;12;INGLES;83
20052023;2019-2020;12;GLOBAL;357
20052024;2019-2020;12;LECTURA CRITICA;60
20052024;2019-2020;12;MATEMATICAS;65
20052024;2019-2020;12;SOCIALES Y CIUDADANAS;49
20052024;2019-2020;12;CIENCIAS;73
20052024;2019-2020;12;INGLES;82
20052024;2019-2020;12;GLOBAL;317
20052021;2019-2020;12;LECTURA CRITICA;73
20052021;2019-2020;12;MATEMATICAS;50
20052021;2019-2020;12;SOCIALES Y CIUDADANAS;68
20052021;2019-2020;12;CIENCIAS;46
20052021;2019-2020;12;INGLES;82
20052021;2019-2020;12;GLOBAL;305
20052070;2019-2020;12;LECTURA CRITICA;
20052070;2019-2020;12;MATEMATICAS;
20052070;2019-2020;12;SOCIALES Y CIUDADANAS;
20052070;2019-2020;12;CIENCIAS;
20052070;2019-2020;12;INGLES;
20052070;2019-2020;12;GLOBAL;
20042030;2019-2020;12;LECTURA CRITICA;61
20042030;2019-2020;12;MATEMATICAS;59
20042030;2019-2020;12;SOCIALES Y CIUDADANAS;49
20042030;2019-2020;12;CIENCIAS;54
20042030;2019-2020;12;INGLES;79
20042030;2019-2020;12;GLOBAL;288
20052072;2019-2020;12;LECTURA CRITICA;55
20052072;2019-2020;12;MATEMATICAS;66
20052072;2019-2020;12;SOCIALES Y CIUDADANAS;54
20052072;2019-2020;12;CIENCIAS;60
20052072;2019-2020;12;INGLES;85
20052072;2019-2020;12;GLOBAL;304
20062143;2019-2020;12;LECTURA CRITICA;71
20062143;2019-2020;12;MATEMATICAS;77
20062143;2019-2020;12;SOCIALES Y CIUDADANAS;75
20062143;2019-2020;12;CIENCIAS;69
20062143;2019-2020;12;INGLES;86
20062143;2019-2020;12;GLOBAL;370
20052025;2019-2020;12;LECTURA CRITICA;78
20052025;2019-2020;12;MATEMATICAS;75
20052025;2019-2020;12;SOCIALES Y CIUDADANAS;63
20052025;2019-2020;12;CIENCIAS;68
20052025;2019-2020;12;INGLES;85
20052025;2019-2020;12;GLOBAL;360
20150365;2019-2020;12;LECTURA CRITICA;54
20150365;2019-2020;12;MATEMATICAS;59
20150365;2019-2020;12;SOCIALES Y CIUDADANAS;51
20150365;2019-2020;12;CIENCIAS;58
20150365;2019-2020;12;INGLES;82
20150365;2019-2020;12;GLOBAL;288
20161101;2019-2020;12;LECTURA CRITICA;69
20161101;2019-2020;12;MATEMATICAS;74
20161101;2019-2020;12;SOCIALES Y CIUDADANAS;69
20161101;2019-2020;12;CIENCIAS;68
20161101;2019-2020;12;INGLES;83
20161101;2019-2020;12;GLOBAL;355
20052031;2019-2020;12;LECTURA CRITICA;51
20052031;2019-2020;12;MATEMATICAS;61
20052031;2019-2020;12;SOCIALES Y CIUDADANAS;61
20052031;2019-2020;12;CIENCIAS;56
20052031;2019-2020;12;INGLES;83
20052031;2019-2020;12;GLOBAL;296
20052029;2019-2020;12;LECTURA CRITICA;74
20052029;2019-2020;12;MATEMATICAS;70
20052029;2019-2020;12;SOCIALES Y CIUDADANAS;76
20052029;2019-2020;12;CIENCIAS;68
20052029;2019-2020;12;INGLES;81
20052029;2019-2020;12;GLOBAL;363
20042034;2019-2020;12;LECTURA CRITICA;47
20042034;2019-2020;12;MATEMATICAS;56
20042034;2019-2020;12;SOCIALES Y CIUDADANAS;31
20042034;2019-2020;12;CIENCIAS;47
20042034;2019-2020;12;INGLES;76
20042034;2019-2020;12;GLOBAL;238
20052032;2019-2020;12;LECTURA CRITICA;73
20052032;2019-2020;12;MATEMATICAS;74
20052032;2019-2020;12;SOCIALES Y CIUDADANAS;63
20052032;2019-2020;12;CIENCIAS;69
20052032;2019-2020;12;INGLES;100
20052032;2019-2020;12;GLOBAL;360
20052028;2019-2020;12;LECTURA CRITICA;74
20052028;2019-2020;12;MATEMATICAS;70
20052028;2019-2020;12;SOCIALES Y CIUDADANAS;69
20052028;2019-2020;12;CIENCIAS;72
20052028;2019-2020;12;INGLES;81
20052028;2019-2020;12;GLOBAL;360
20052033;2019-2020;12;LECTURA CRITICA;79
20052033;2019-2020;12;MATEMATICAS;76
20052033;2019-2020;12;SOCIALES Y CIUDADANAS;68
20052033;2019-2020;12;CIENCIAS;67
20052033;2019-2020;12;INGLES;84
20052033;2019-2020;12;GLOBAL;367
20181209;2019-2020;12;LECTURA CRITICA;64
20181209;2019-2020;12;MATEMATICAS;65
20181209;2019-2020;12;SOCIALES Y CIUDADANAS;60
20181209;2019-2020;12;CIENCIAS;63
20181209;2019-2020;12;INGLES;78
20181209;2019-2020;12;GLOBAL;321
20062144;2019-2020;12;LECTURA CRITICA;70
20062144;2019-2020;12;MATEMATICAS;72
20062144;2019-2020;12;SOCIALES Y CIUDADANAS;73
20062144;2019-2020;12;CIENCIAS;77
20062144;2019-2020;12;INGLES;100
20062144;2019-2020;12;GLOBAL;375
20090158;2019-2020;12;LECTURA CRITICA;70
20090158;2019-2020;12;MATEMATICAS;76
20090158;2019-2020;12;SOCIALES Y CIUDADANAS;79
20090158;2019-2020;12;CIENCIAS;67
20090158;2019-2020;12;INGLES;82
20090158;2019-2020;12;GLOBAL;368
20052037;2019-2020;12;LECTURA CRITICA;56
20052037;2019-2020;12;MATEMATICAS;65
20052037;2019-2020;12;SOCIALES Y CIUDADANAS;51
20052037;2019-2020;12;CIENCIAS;56
20052037;2019-2020;12;INGLES;79
20052037;2019-2020;12;GLOBAL;293
20052034;2019-2020;12;LECTURA CRITICA;58
20052034;2019-2020;12;MATEMATICAS;62
20052034;2019-2020;12;SOCIALES Y CIUDADANAS;59
20052034;2019-2020;12;CIENCIAS;67
20052034;2019-2020;12;INGLES;77
20052034;2019-2020;12;GLOBAL;313
20052035;2019-2020;12;LECTURA CRITICA;58
20052035;2019-2020;12;MATEMATICAS;69
20052035;2019-2020;12;SOCIALES Y CIUDADANAS;66
20052035;2019-2020;12;CIENCIAS;59
20052035;2019-2020;12;INGLES;84
20052035;2019-2020;12;GLOBAL;323
20052036;2019-2020;12;LECTURA CRITICA;78
20052036;2019-2020;12;MATEMATICAS;75
20052036;2019-2020;12;SOCIALES Y CIUDADANAS;75
20052036;2019-2020;12;CIENCIAS;75
20052036;2019-2020;12;INGLES;85
20052036;2019-2020;12;GLOBAL;382
20052041;2019-2020;12;LECTURA CRITICA;64
20052041;2019-2020;12;MATEMATICAS;69
20052041;2019-2020;12;SOCIALES Y CIUDADANAS;53
20052041;2019-2020;12;CIENCIAS;59
20052041;2019-2020;12;INGLES;83
20052041;2019-2020;12;GLOBAL;315
20052039;2019-2020;12;LECTURA CRITICA;64
20052039;2019-2020;12;MATEMATICAS;65
20052039;2019-2020;12;SOCIALES Y CIUDADANAS;59
20052039;2019-2020;12;CIENCIAS;69
20052039;2019-2020;12;INGLES;85
20052039;2019-2020;12;GLOBAL;329
20052040;2019-2020;12;LECTURA CRITICA;61
20052040;2019-2020;12;MATEMATICAS;70
20052040;2019-2020;12;SOCIALES Y CIUDADANAS;66
20052040;2019-2020;12;CIENCIAS;72
20052040;2019-2020;12;INGLES;78
20052040;2019-2020;12;GLOBAL;340
20042049;2019-2020;12;LECTURA CRITICA;66
20042049;2019-2020;12;MATEMATICAS;72
20042049;2019-2020;12;SOCIALES Y CIUDADANAS;61
20042049;2019-2020;12;CIENCIAS;37
20042049;2019-2020;12;INGLES;79
20042049;2019-2020;12;GLOBAL;303
20072261;2019-2020;12;LECTURA CRITICA;49
20072261;2019-2020;12;MATEMATICAS;59
20072261;2019-2020;12;SOCIALES Y CIUDADANAS;59
20072261;2019-2020;12;CIENCIAS;55
20072261;2019-2020;12;INGLES;82
20072261;2019-2020;12;GLOBAL;288
20062194;2019-2020;12;LECTURA CRITICA;67
20062194;2019-2020;12;MATEMATICAS;68
20062194;2019-2020;12;SOCIALES Y CIUDADANAS;63
20062194;2019-2020;12;CIENCIAS;67
20062194;2019-2020;12;INGLES;100
20062194;2019-2020;12;GLOBAL;344
20062146;2019-2020;12;LECTURA CRITICA;
20062146;2019-2020;12;MATEMATICAS;
20062146;2019-2020;12;SOCIALES Y CIUDADANAS;
20062146;2019-2020;12;CIENCIAS;
20062146;2019-2020;12;INGLES;
20062146;2019-2020;12;GLOBAL;
20052038;2019-2020;12;LECTURA CRITICA;74
20052038;2019-2020;12;MATEMATICAS;77
20052038;2019-2020;12;SOCIALES Y CIUDADANAS;68
20052038;2019-2020;12;CIENCIAS;61
20052038;2019-2020;12;INGLES;87
20052038;2019-2020;12;GLOBAL;357
20052043;2019-2020;12;LECTURA CRITICA;78
20052043;2019-2020;12;MATEMATICAS;80
20052043;2019-2020;12;SOCIALES Y CIUDADANAS;75
20052043;2019-2020;12;CIENCIAS;78
20052043;2019-2020;12;INGLES;84
20052043;2019-2020;12;GLOBAL;391
20062147;2019-2020;12;LECTURA CRITICA;75
20062147;2019-2020;12;MATEMATICAS;76
20062147;2019-2020;12;SOCIALES Y CIUDADANAS;71
20062147;2019-2020;12;CIENCIAS;69
20062147;2019-2020;12;INGLES;100
20062147;2019-2020;12;GLOBAL;374
20052042;2019-2020;12;LECTURA CRITICA;73
20052042;2019-2020;12;MATEMATICAS;77
20052042;2019-2020;12;SOCIALES Y CIUDADANAS;70
20052042;2019-2020;12;CIENCIAS;71
20052042;2019-2020;12;INGLES;100
20052042;2019-2020;12;GLOBAL;374
20052044;2019-2020;12;LECTURA CRITICA;58
20052044;2019-2020;12;MATEMATICAS;76
20052044;2019-2020;12;SOCIALES Y CIUDADANAS;64
20052044;2019-2020;12;CIENCIAS;63
20052044;2019-2020;12;INGLES;100
20052044;2019-2020;12;GLOBAL;340
20072249;2019-2020;12;LECTURA CRITICA;76
20072249;2019-2020;12;MATEMATICAS;78
20072249;2019-2020;12;SOCIALES Y CIUDADANAS;71
20072249;2019-2020;12;CIENCIAS;76
20072249;2019-2020;12;INGLES;81
20072249;2019-2020;12;GLOBAL;378
20052045;2019-2020;12;LECTURA CRITICA;72
20052045;2019-2020;12;MATEMATICAS;71
20052045;2019-2020;12;SOCIALES Y CIUDADANAS;72
20052045;2019-2020;12;CIENCIAS;62
20052045;2019-2020;12;INGLES;100
20052045;2019-2020;12;GLOBAL;358
20052047;2019-2020;12;LECTURA CRITICA;
20052047;2019-2020;12;MATEMATICAS;
20052047;2019-2020;12;SOCIALES Y CIUDADANAS;
20052047;2019-2020;12;CIENCIAS;
20052047;2019-2020;12;INGLES;
20052047;2019-2020;12;GLOBAL;
20092272;2020-2021;12;LECTURA CRITICA;65
20092272;2020-2021;12;MATEMATICAS;59
20092272;2020-2021;12;SOCIALES Y CIUDADANAS;55
20092272;2020-2021;12;CIENCIAS;53
20092272;2020-2021;12;INGLES;87
20092272;2020-2021;12;GLOBAL;301
20072128;2020-2021;12;LECTURA CRITICA;73
20072128;2020-2021;12;MATEMATICAS;75
20072128;2020-2021;12;SOCIALES Y CIUDADANAS;69
20072128;2020-2021;12;CIENCIAS;71
20072128;2020-2021;12;INGLES;87
20072128;2020-2021;12;GLOBAL;366
20062002;2020-2021;12;LECTURA CRITICA;72
20062002;2020-2021;12;MATEMATICAS;76
20062002;2020-2021;12;SOCIALES Y CIUDADANAS;73
20062002;2020-2021;12;CIENCIAS;76
20062002;2020-2021;12;INGLES;100
20062002;2020-2021;12;GLOBAL;381
20072130;2020-2021;12;LECTURA CRITICA;79
20072130;2020-2021;12;MATEMATICAS;72
20072130;2020-2021;12;SOCIALES Y CIUDADANAS;80
20072130;2020-2021;12;CIENCIAS;66
20072130;2020-2021;12;INGLES;100
20072130;2020-2021;12;GLOBAL;381
20092374;2020-2021;12;LECTURA CRITICA;63
20092374;2020-2021;12;MATEMATICAS;57
20092374;2020-2021;12;SOCIALES Y CIUDADANAS;50
20092374;2020-2021;12;CIENCIAS;61
20092374;2020-2021;12;INGLES;84
20092374;2020-2021;12;GLOBAL;299
20072132;2020-2021;12;LECTURA CRITICA;72
20072132;2020-2021;12;MATEMATICAS;76
20072132;2020-2021;12;SOCIALES Y CIUDADANAS;74
20072132;2020-2021;12;CIENCIAS;73
20072132;2020-2021;12;INGLES;85
20072132;2020-2021;12;GLOBAL;373
20062005;2020-2021;12;LECTURA CRITICA;60
20062005;2020-2021;12;MATEMATICAS;66
20062005;2020-2021;12;SOCIALES Y CIUDADANAS;49
20062005;2020-2021;12;CIENCIAS;55
20062005;2020-2021;12;INGLES;78
20062005;2020-2021;12;GLOBAL;295
20062004;2020-2021;12;LECTURA CRITICA;68
20062004;2020-2021;12;MATEMATICAS;70
20062004;2020-2021;12;SOCIALES Y CIUDADANAS;66
20062004;2020-2021;12;CIENCIAS;67
20062004;2020-2021;12;INGLES;81
20062004;2020-2021;12;GLOBAL;344
20062006;2020-2021;12;LECTURA CRITICA;59
20062006;2020-2021;12;MATEMATICAS;68
20062006;2020-2021;12;SOCIALES Y CIUDADANAS;40
20062006;2020-2021;12;CIENCIAS;65
20062006;2020-2021;12;INGLES;83
20062006;2020-2021;12;GLOBAL;300
20062007;2020-2021;12;LECTURA CRITICA;51
20062007;2020-2021;12;MATEMATICAS;63
20062007;2020-2021;12;SOCIALES Y CIUDADANAS;54
20062007;2020-2021;12;CIENCIAS;50
20062007;2020-2021;12;INGLES;83
20062007;2020-2021;12;GLOBAL;283
20062008;2020-2021;12;LECTURA CRITICA;40
20062008;2020-2021;12;MATEMATICAS;39
20062008;2020-2021;12;SOCIALES Y CIUDADANAS;42
20062008;2020-2021;12;CIENCIAS;35
20062008;2020-2021;12;INGLES;77
20062008;2020-2021;12;GLOBAL;210
20062010;2020-2021;12;LECTURA CRITICA;59
20062010;2020-2021;12;MATEMATICAS;57
20062010;2020-2021;12;SOCIALES Y CIUDADANAS;37
20062010;2020-2021;12;CIENCIAS;47
20062010;2020-2021;12;INGLES;80
20062010;2020-2021;12;GLOBAL;262
20062011;2020-2021;12;LECTURA CRITICA;64
20062011;2020-2021;12;MATEMATICAS;56
20062011;2020-2021;12;SOCIALES Y CIUDADANAS;55
20062011;2020-2021;12;CIENCIAS;56
20062011;2020-2021;12;INGLES;79
20062011;2020-2021;12;GLOBAL;297
20120084;2020-2021;12;LECTURA CRITICA;74
20120084;2020-2021;12;MATEMATICAS;69
20120084;2020-2021;12;SOCIALES Y CIUDADANAS;72
20120084;2020-2021;12;CIENCIAS;65
20120084;2020-2021;12;INGLES;100
20120084;2020-2021;12;GLOBAL;362
20062012;2020-2021;12;LECTURA CRITICA;77
20062012;2020-2021;12;MATEMATICAS;77
20062012;2020-2021;12;SOCIALES Y CIUDADANAS;74
20062012;2020-2021;12;CIENCIAS;73
20062012;2020-2021;12;INGLES;86
20062012;2020-2021;12;GLOBAL;380
20062193;2020-2021;12;LECTURA CRITICA;42
20062193;2020-2021;12;MATEMATICAS;57
20062193;2020-2021;12;SOCIALES Y CIUDADANAS;34
20062193;2020-2021;12;CIENCIAS;44
20062193;2020-2021;12;INGLES;83
20062193;2020-2021;12;GLOBAL;236
20062014;2020-2021;12;LECTURA CRITICA;57
20062014;2020-2021;12;MATEMATICAS;56
20062014;2020-2021;12;SOCIALES Y CIUDADANAS;52
20062014;2020-2021;12;CIENCIAS;60
20062014;2020-2021;12;INGLES;79
20062014;2020-2021;12;GLOBAL;290
20062013;2020-2021;12;LECTURA CRITICA;54
20062013;2020-2021;12;MATEMATICAS;61
20062013;2020-2021;12;SOCIALES Y CIUDADANAS;51
20062013;2020-2021;12;CIENCIAS;58
20062013;2020-2021;12;INGLES;74
20062013;2020-2021;12;GLOBAL;287
20062015;2020-2021;12;LECTURA CRITICA;62
20062015;2020-2021;12;MATEMATICAS;67
20062015;2020-2021;12;SOCIALES Y CIUDADANAS;65
20062015;2020-2021;12;CIENCIAS;65
20062015;2020-2021;12;INGLES;89
20062015;2020-2021;12;GLOBAL;333
20072160;2020-2021;12;LECTURA CRITICA;78
20072160;2020-2021;12;MATEMATICAS;79
20072160;2020-2021;12;SOCIALES Y CIUDADANAS;73
20072160;2020-2021;12;CIENCIAS;73
20072160;2020-2021;12;INGLES;100
20072160;2020-2021;12;GLOBAL;388
20052014;2020-2021;12;LECTURA CRITICA;49
20052014;2020-2021;12;MATEMATICAS;50
20052014;2020-2021;12;SOCIALES Y CIUDADANAS;38
20052014;2020-2021;12;CIENCIAS;39
20052014;2020-2021;12;INGLES;80
20052014;2020-2021;12;GLOBAL;234
20062087;2020-2021;12;LECTURA CRITICA;76
20062087;2020-2021;12;MATEMATICAS;78
20062087;2020-2021;12;SOCIALES Y CIUDADANAS;72
20062087;2020-2021;12;CIENCIAS;72
20062087;2020-2021;12;INGLES;82
20062087;2020-2021;12;GLOBAL;375
20092355;2020-2021;12;LECTURA CRITICA;65
20092355;2020-2021;12;MATEMATICAS;51
20092355;2020-2021;12;SOCIALES Y CIUDADANAS;59
20092355;2020-2021;12;CIENCIAS;52
20092355;2020-2021;12;INGLES;82
20092355;2020-2021;12;GLOBAL;293
20052017;2020-2021;12;LECTURA CRITICA;61
20052017;2020-2021;12;MATEMATICAS;53
20052017;2020-2021;12;SOCIALES Y CIUDADANAS;60
20052017;2020-2021;12;CIENCIAS;54
20052017;2020-2021;12;INGLES;74
20052017;2020-2021;12;GLOBAL;292
20062018;2020-2021;12;LECTURA CRITICA;70
20062018;2020-2021;12;MATEMATICAS;78
20062018;2020-2021;12;SOCIALES Y CIUDADANAS;76
20062018;2020-2021;12;CIENCIAS;72
20062018;2020-2021;12;INGLES;100
20062018;2020-2021;12;GLOBAL;380
20062019;2020-2021;12;LECTURA CRITICA;67
20062019;2020-2021;12;MATEMATICAS;71
20062019;2020-2021;12;SOCIALES Y CIUDADANAS;62
20062019;2020-2021;12;CIENCIAS;62
20062019;2020-2021;12;INGLES;80
20062019;2020-2021;12;GLOBAL;333
20062020;2020-2021;12;LECTURA CRITICA;63
20062020;2020-2021;12;MATEMATICAS;57
20062020;2020-2021;12;SOCIALES Y CIUDADANAS;61
20062020;2020-2021;12;CIENCIAS;62
20062020;2020-2021;12;INGLES;82
20062020;2020-2021;12;GLOBAL;312
20062021;2020-2021;12;LECTURA CRITICA;71
20062021;2020-2021;12;MATEMATICAS;77
20062021;2020-2021;12;SOCIALES Y CIUDADANAS;71
20062021;2020-2021;12;CIENCIAS;69
20062021;2020-2021;12;INGLES;89
20062021;2020-2021;12;GLOBAL;367
20062053;2020-2021;12;LECTURA CRITICA;71
20062053;2020-2021;12;MATEMATICAS;76
20062053;2020-2021;12;SOCIALES Y CIUDADANAS;80
20062053;2020-2021;12;CIENCIAS;68
20062053;2020-2021;12;INGLES;100
20062053;2020-2021;12;GLOBAL;379
20181181;2020-2021;12;LECTURA CRITICA;74
20181181;2020-2021;12;MATEMATICAS;78
20181181;2020-2021;12;SOCIALES Y CIUDADANAS;72
20181181;2020-2021;12;CIENCIAS;76
20181181;2020-2021;12;INGLES;83
20181181;2020-2021;12;GLOBAL;378
20062022;2020-2021;12;LECTURA CRITICA;71
20062022;2020-2021;12;MATEMATICAS;68
20062022;2020-2021;12;SOCIALES Y CIUDADANAS;63
20062022;2020-2021;12;CIENCIAS;62
20062022;2020-2021;12;INGLES;87
20062022;2020-2021;12;GLOBAL;338
20072157;2020-2021;12;LECTURA CRITICA;63
20072157;2020-2021;12;MATEMATICAS;75
20072157;2020-2021;12;SOCIALES Y CIUDADANAS;59
20072157;2020-2021;12;CIENCIAS;61
20072157;2020-2021;12;INGLES;86
20072157;2020-2021;12;GLOBAL;331
20082141;2020-2021;12;LECTURA CRITICA;79
20082141;2020-2021;12;MATEMATICAS;72
20082141;2020-2021;12;SOCIALES Y CIUDADANAS;65
20082141;2020-2021;12;CIENCIAS;67
20082141;2020-2021;12;INGLES;88
20082141;2020-2021;12;GLOBAL;360
20150366;2020-2021;12;LECTURA CRITICA;65
20150366;2020-2021;12;MATEMATICAS;56
20150366;2020-2021;12;SOCIALES Y CIUDADANAS;59
20150366;2020-2021;12;CIENCIAS;72
20150366;2020-2021;12;INGLES;87
20150366;2020-2021;12;GLOBAL;324
20062024;2020-2021;12;LECTURA CRITICA;64
20062024;2020-2021;12;MATEMATICAS;67
20062024;2020-2021;12;SOCIALES Y CIUDADANAS;57
20062024;2020-2021;12;CIENCIAS;59
20062024;2020-2021;12;INGLES;87
20062024;2020-2021;12;GLOBAL;318
20062025;2020-2021;12;LECTURA CRITICA;62
20062025;2020-2021;12;MATEMATICAS;70
20062025;2020-2021;12;SOCIALES Y CIUDADANAS;63
20062025;2020-2021;12;CIENCIAS;52
20062025;2020-2021;12;INGLES;88
20062025;2020-2021;12;GLOBAL;319
20120092;2020-2021;12;LECTURA CRITICA;74
20120092;2020-2021;12;MATEMATICAS;72
20120092;2020-2021;12;SOCIALES Y CIUDADANAS;81
20120092;2020-2021;12;CIENCIAS;77
20120092;2020-2021;12;INGLES;84
20120092;2020-2021;12;GLOBAL;383
20072136;2020-2021;12;LECTURA CRITICA;65
20072136;2020-2021;12;MATEMATICAS;65
20072136;2020-2021;12;SOCIALES Y CIUDADANAS;68
20072136;2020-2021;12;CIENCIAS;66
20072136;2020-2021;12;INGLES;100
20072136;2020-2021;12;GLOBAL;343
20072137;2020-2021;12;LECTURA CRITICA;65
20072137;2020-2021;12;MATEMATICAS;67
20072137;2020-2021;12;SOCIALES Y CIUDADANAS;68
20072137;2020-2021;12;CIENCIAS;62
20072137;2020-2021;12;INGLES;83
20072137;2020-2021;12;GLOBAL;334
20072138;2020-2021;12;LECTURA CRITICA;72
20072138;2020-2021;12;MATEMATICAS;76
20072138;2020-2021;12;SOCIALES Y CIUDADANAS;68
20072138;2020-2021;12;CIENCIAS;64
20072138;2020-2021;12;INGLES;83
20072138;2020-2021;12;GLOBAL;355
20062028;2020-2021;12;LECTURA CRITICA;65
20062028;2020-2021;12;MATEMATICAS;59
20062028;2020-2021;12;SOCIALES Y CIUDADANAS;47
20062028;2020-2021;12;CIENCIAS;49
20062028;2020-2021;12;INGLES;79
20062028;2020-2021;12;GLOBAL;284
20062029;2020-2021;12;LECTURA CRITICA;60
20062029;2020-2021;12;MATEMATICAS;65
20062029;2020-2021;12;SOCIALES Y CIUDADANAS;55
20062029;2020-2021;12;CIENCIAS;55
20062029;2020-2021;12;INGLES;76
20062029;2020-2021;12;GLOBAL;300
20082245;2020-2021;12;LECTURA CRITICA;75
20082245;2020-2021;12;MATEMATICAS;72
20082245;2020-2021;12;SOCIALES Y CIUDADANAS;63
20082245;2020-2021;12;CIENCIAS;69
20082245;2020-2021;12;INGLES;84
20082245;2020-2021;12;GLOBAL;354
20062031;2020-2021;12;LECTURA CRITICA;63
20062031;2020-2021;12;MATEMATICAS;66
20062031;2020-2021;12;SOCIALES Y CIUDADANAS;55
20062031;2020-2021;12;CIENCIAS;67
20062031;2020-2021;12;INGLES;88
20062031;2020-2021;12;GLOBAL;323
20072139;2020-2021;12;LECTURA CRITICA;66
20072139;2020-2021;12;MATEMATICAS;69
20072139;2020-2021;12;SOCIALES Y CIUDADANAS;54
20072139;2020-2021;12;CIENCIAS;63
20072139;2020-2021;12;INGLES;82
20072139;2020-2021;12;GLOBAL;322
20181195;2020-2021;12;LECTURA CRITICA;61
20181195;2020-2021;12;MATEMATICAS;58
20181195;2020-2021;12;SOCIALES Y CIUDADANAS;73
20181195;2020-2021;12;CIENCIAS;64
20181195;2020-2021;12;INGLES;78
20181195;2020-2021;12;GLOBAL;325
20062032;2020-2021;12;LECTURA CRITICA;75
20062032;2020-2021;12;MATEMATICAS;100
20062032;2020-2021;12;SOCIALES Y CIUDADANAS;68
20062032;2020-2021;12;CIENCIAS;68
20062032;2020-2021;12;INGLES;77
20062032;2020-2021;12;GLOBAL;388
20072140;2020-2021;12;LECTURA CRITICA;73
20072140;2020-2021;12;MATEMATICAS;74
20072140;2020-2021;12;SOCIALES Y CIUDADANAS;77
20072140;2020-2021;12;CIENCIAS;74
20072140;2020-2021;12;INGLES;100
20072140;2020-2021;12;GLOBAL;382
20062033;2020-2021;12;LECTURA CRITICA;68
20062033;2020-2021;12;MATEMATICAS;64
20062033;2020-2021;12;SOCIALES Y CIUDADANAS;74
20062033;2020-2021;12;CIENCIAS;59
20062033;2020-2021;12;INGLES;83
20062033;2020-2021;12;GLOBAL;338
20062034;2020-2021;12;LECTURA CRITICA;61
20062034;2020-2021;12;MATEMATICAS;68
20062034;2020-2021;12;SOCIALES Y CIUDADANAS;68
20062034;2020-2021;12;CIENCIAS;70
20062034;2020-2021;12;INGLES;81
20062034;2020-2021;12;GLOBAL;339
20062037;2020-2021;12;LECTURA CRITICA;64
20062037;2020-2021;12;MATEMATICAS;80
20062037;2020-2021;12;SOCIALES Y CIUDADANAS;61
20062037;2020-2021;12;CIENCIAS;69
20062037;2020-2021;12;INGLES;72
20062037;2020-2021;12;GLOBAL;344
20042033;2018-2019;12;LECTURA CRITICA;80
20042033;2018-2019;12;MATEMATICAS;84
20042033;2018-2019;12;SOCIALES Y CIUDADANAS;77
20042033;2018-2019;12;CIENCIAS;100
20042033;2018-2019;12;INGLES;100
20042033;2018-2019;12;GLOBAL;432
20042029;2018-2019;12;LECTURA CRITICA;77
20042029;2018-2019;12;MATEMATICAS;100
20042029;2018-2019;12;SOCIALES Y CIUDADANAS;79
20042029;2018-2019;12;CIENCIAS;78
20042029;2018-2019;12;INGLES;100
20042029;2018-2019;12;GLOBAL;424
20042028;2018-2019;12;LECTURA CRITICA;81
20042028;2018-2019;12;MATEMATICAS;100
20042028;2018-2019;12;SOCIALES Y CIUDADANAS;76
20042028;2018-2019;12;CIENCIAS;73
20042028;2018-2019;12;INGLES;87
20042028;2018-2019;12;GLOBAL;414
20042041;2018-2019;12;LECTURA CRITICA;73
20042041;2018-2019;12;MATEMATICAS;100
20042041;2018-2019;12;SOCIALES Y CIUDADANAS;75
20042041;2018-2019;12;CIENCIAS;77
20042041;2018-2019;12;INGLES;86
20042041;2018-2019;12;GLOBAL;408
20042050;2018-2019;12;LECTURA CRITICA;72
20042050;2018-2019;12;MATEMATICAS;68
20042050;2018-2019;12;SOCIALES Y CIUDADANAS;100
20042050;2018-2019;12;CIENCIAS;80
20042050;2018-2019;12;INGLES;85
20042050;2018-2019;12;GLOBAL;402
20052155;2018-2019;12;LECTURA CRITICA;79
20052155;2018-2019;12;MATEMATICAS;77
20052155;2018-2019;12;SOCIALES Y CIUDADANAS;81
20052155;2018-2019;12;CIENCIAS;75
20052155;2018-2019;12;INGLES;87
20052155;2018-2019;12;GLOBAL;393
20062294;2018-2019;12;LECTURA CRITICA;74
20062294;2018-2019;12;MATEMATICAS;82
20062294;2018-2019;12;SOCIALES Y CIUDADANAS;77
20062294;2018-2019;12;CIENCIAS;75
20062294;2018-2019;12;INGLES;82
20062294;2018-2019;12;GLOBAL;387
20042079;2018-2019;12;LECTURA CRITICA;80
20042079;2018-2019;12;MATEMATICAS;78
20042079;2018-2019;12;SOCIALES Y CIUDADANAS;75
20042079;2018-2019;12;CIENCIAS;72
20042079;2018-2019;12;INGLES;91
20042079;2018-2019;12;GLOBAL;387
20052271;2018-2019;12;LECTURA CRITICA;74
20052271;2018-2019;12;MATEMATICAS;73
20052271;2018-2019;12;SOCIALES Y CIUDADANAS;77
20052271;2018-2019;12;CIENCIAS;77
20052271;2018-2019;12;INGLES;100
20052271;2018-2019;12;GLOBAL;386
20042087;2018-2019;12;LECTURA CRITICA;73
20042087;2018-2019;12;MATEMATICAS;82
20042087;2018-2019;12;SOCIALES Y CIUDADANAS;78
20042087;2018-2019;12;CIENCIAS;74
20042087;2018-2019;12;INGLES;82
20042087;2018-2019;12;GLOBAL;386
20042037;2018-2019;12;LECTURA CRITICA;73
20042037;2018-2019;12;MATEMATICAS;80
20042037;2018-2019;12;SOCIALES Y CIUDADANAS;79
20042037;2018-2019;12;CIENCIAS;73
20042037;2018-2019;12;INGLES;86
20042037;2018-2019;12;GLOBAL;385
20042005;2018-2019;12;LECTURA CRITICA;75
20042005;2018-2019;12;MATEMATICAS;78
20042005;2018-2019;12;SOCIALES Y CIUDADANAS;76
20042005;2018-2019;12;CIENCIAS;77
20042005;2018-2019;12;INGLES;83
20042005;2018-2019;12;GLOBAL;385
20042035;2018-2019;12;LECTURA CRITICA;75
20042035;2018-2019;12;MATEMATICAS;74
20042035;2018-2019;12;SOCIALES Y CIUDADANAS;78
20042035;2018-2019;12;CIENCIAS;74
20042035;2018-2019;12;INGLES;80
20042035;2018-2019;12;GLOBAL;378
20042006;2018-2019;12;LECTURA CRITICA;69
20042006;2018-2019;12;MATEMATICAS;78
20042006;2018-2019;12;SOCIALES Y CIUDADANAS;77
20042006;2018-2019;12;CIENCIAS;72
20042006;2018-2019;12;INGLES;91
20042006;2018-2019;12;GLOBAL;377
20043031;2018-2019;12;LECTURA CRITICA;80
20043031;2018-2019;12;MATEMATICAS;74
20043031;2018-2019;12;SOCIALES Y CIUDADANAS;69
20043031;2018-2019;12;CIENCIAS;74
20043031;2018-2019;12;INGLES;90
20043031;2018-2019;12;GLOBAL;377
20042025;2018-2019;12;LECTURA CRITICA;78
20042025;2018-2019;12;MATEMATICAS;72
20042025;2018-2019;12;SOCIALES Y CIUDADANAS;71
20042025;2018-2019;12;CIENCIAS;75
20042025;2018-2019;12;INGLES;86
20042025;2018-2019;12;GLOBAL;375
20042047;2018-2019;12;LECTURA CRITICA;77
20042047;2018-2019;12;MATEMATICAS;69
20042047;2018-2019;12;SOCIALES Y CIUDADANAS;79
20042047;2018-2019;12;CIENCIAS;70
20042047;2018-2019;12;INGLES;89
20042047;2018-2019;12;GLOBAL;375
20042016;2018-2019;12;LECTURA CRITICA;79
20042016;2018-2019;12;MATEMATICAS;76
20042016;2018-2019;12;SOCIALES Y CIUDADANAS;66
20042016;2018-2019;12;CIENCIAS;68
20042016;2018-2019;12;INGLES;85
20042016;2018-2019;12;GLOBAL;366
20130062;2018-2019;12;LECTURA CRITICA;69
20130062;2018-2019;12;MATEMATICAS;81
20130062;2018-2019;12;SOCIALES Y CIUDADANAS;70
20130062;2018-2019;12;CIENCIAS;69
20130062;2018-2019;12;INGLES;82
20130062;2018-2019;12;GLOBAL;365
20042017;2018-2019;12;LECTURA CRITICA;68
20042017;2018-2019;12;MATEMATICAS;78
20042017;2018-2019;12;SOCIALES Y CIUDADANAS;72
20042017;2018-2019;12;CIENCIAS;71
20042017;2018-2019;12;INGLES;80
20042017;2018-2019;12;GLOBAL;364
20110401;2018-2019;12;LECTURA CRITICA;60
20110401;2018-2019;12;MATEMATICAS;78
20110401;2018-2019;12;SOCIALES Y CIUDADANAS;71
20110401;2018-2019;12;CIENCIAS;79
20110401;2018-2019;12;INGLES;83
20110401;2018-2019;12;GLOBAL;364
20042053;2018-2019;12;LECTURA CRITICA;73
20042053;2018-2019;12;MATEMATICAS;70
20042053;2018-2019;12;SOCIALES Y CIUDADANAS;70
20042053;2018-2019;12;CIENCIAS;73
20042053;2018-2019;12;INGLES;86
20042053;2018-2019;12;GLOBAL;363
20052153;2018-2019;12;LECTURA CRITICA;72
20052153;2018-2019;12;MATEMATICAS;73
20052153;2018-2019;12;SOCIALES Y CIUDADANAS;68
20052153;2018-2019;12;CIENCIAS;74
20052153;2018-2019;12;INGLES;83
20052153;2018-2019;12;GLOBAL;363
20042090;2018-2019;12;LECTURA CRITICA;70
20042090;2018-2019;12;MATEMATICAS;72
20042090;2018-2019;12;SOCIALES Y CIUDADANAS;69
20042090;2018-2019;12;CIENCIAS;76
20042090;2018-2019;12;INGLES;84
20042090;2018-2019;12;GLOBAL;363
20052156;2018-2019;12;LECTURA CRITICA;68
20052156;2018-2019;12;MATEMATICAS;78
20052156;2018-2019;12;SOCIALES Y CIUDADANAS;71
20052156;2018-2019;12;CIENCIAS;69
20052156;2018-2019;12;INGLES;84
20052156;2018-2019;12;GLOBAL;362
20052152;2018-2019;12;LECTURA CRITICA;67
20052152;2018-2019;12;MATEMATICAS;79
20052152;2018-2019;12;SOCIALES Y CIUDADANAS;65
20052152;2018-2019;12;CIENCIAS;74
20052152;2018-2019;12;INGLES;85
20052152;2018-2019;12;GLOBAL;362
20052162;2018-2019;12;LECTURA CRITICA;66
20052162;2018-2019;12;MATEMATICAS;73
20052162;2018-2019;12;SOCIALES Y CIUDADANAS;72
20052162;2018-2019;12;CIENCIAS;71
20052162;2018-2019;12;INGLES;80
20052162;2018-2019;12;GLOBAL;356
20042004;2018-2019;12;LECTURA CRITICA;67
20042004;2018-2019;12;MATEMATICAS;70
20042004;2018-2019;12;SOCIALES Y CIUDADANAS;71
20042004;2018-2019;12;CIENCIAS;72
20042004;2018-2019;12;INGLES;82
20042004;2018-2019;12;GLOBAL;355
20042023;2018-2019;12;LECTURA CRITICA;74
20042023;2018-2019;12;MATEMATICAS;77
20042023;2018-2019;12;SOCIALES Y CIUDADANAS;60
20042023;2018-2019;12;CIENCIAS;68
20042023;2018-2019;12;INGLES;78
20042023;2018-2019;12;GLOBAL;352
20062351;2018-2019;12;LECTURA CRITICA;72
20062351;2018-2019;12;MATEMATICAS;77
20062351;2018-2019;12;SOCIALES Y CIUDADANAS;61
20062351;2018-2019;12;CIENCIAS;68
20062351;2018-2019;12;INGLES;82
20062351;2018-2019;12;GLOBAL;352
20052161;2018-2019;12;LECTURA CRITICA;67
20052161;2018-2019;12;MATEMATICAS;68
20052161;2018-2019;12;SOCIALES Y CIUDADANAS;70
20052161;2018-2019;12;CIENCIAS;71
20052161;2018-2019;12;INGLES;79
20052161;2018-2019;12;GLOBAL;349
20052151;2018-2019;12;LECTURA CRITICA;76
20052151;2018-2019;12;MATEMATICAS;64
20052151;2018-2019;12;SOCIALES Y CIUDADANAS;55
20052151;2018-2019;12;CIENCIAS;80
20052151;2018-2019;12;INGLES;83
20052151;2018-2019;12;GLOBAL;349
20052154;2018-2019;12;LECTURA CRITICA;73
20052154;2018-2019;12;MATEMATICAS;65
20052154;2018-2019;12;SOCIALES Y CIUDADANAS;73
20052154;2018-2019;12;CIENCIAS;67
20052154;2018-2019;12;INGLES;74
20052154;2018-2019;12;GLOBAL;349
20042080;2018-2019;12;LECTURA CRITICA;66
20042080;2018-2019;12;MATEMATICAS;69
20042080;2018-2019;12;SOCIALES Y CIUDADANAS;72
20042080;2018-2019;12;CIENCIAS;69
20042080;2018-2019;12;INGLES;77
20042080;2018-2019;12;GLOBAL;348
20042162;2018-2019;12;LECTURA CRITICA;72
20042162;2018-2019;12;MATEMATICAS;64
20042162;2018-2019;12;SOCIALES Y CIUDADANAS;68
20042162;2018-2019;12;CIENCIAS;67
20042162;2018-2019;12;INGLES;91
20042162;2018-2019;12;GLOBAL;348
20062260;2018-2019;12;LECTURA CRITICA;70
20062260;2018-2019;12;MATEMATICAS;71
20062260;2018-2019;12;SOCIALES Y CIUDADANAS;72
20062260;2018-2019;12;CIENCIAS;59
20062260;2018-2019;12;INGLES;83
20062260;2018-2019;12;GLOBAL;346
20042001;2018-2019;12;LECTURA CRITICA;67
20042001;2018-2019;12;MATEMATICAS;75
20042001;2018-2019;12;SOCIALES Y CIUDADANAS;68
20042001;2018-2019;12;CIENCIAS;61
20042001;2018-2019;12;INGLES;85
20042001;2018-2019;12;GLOBAL;345
20120093;2018-2019;12;LECTURA CRITICA;66
20120093;2018-2019;12;MATEMATICAS;73
20120093;2018-2019;12;SOCIALES Y CIUDADANAS;64
20120093;2018-2019;12;CIENCIAS;69
20120093;2018-2019;12;INGLES;80
20120093;2018-2019;12;GLOBAL;345
20052282;2018-2019;12;LECTURA CRITICA;64
20052282;2018-2019;12;MATEMATICAS;70
20052282;2018-2019;12;SOCIALES Y CIUDADANAS;66
20052282;2018-2019;12;CIENCIAS;68
20052282;2018-2019;12;INGLES;85
20052282;2018-2019;12;GLOBAL;342
20062259;2018-2019;12;LECTURA CRITICA;68
20062259;2018-2019;12;MATEMATICAS;73
20062259;2018-2019;12;SOCIALES Y CIUDADANAS;66
20062259;2018-2019;12;CIENCIAS;61
20062259;2018-2019;12;INGLES;82
20062259;2018-2019;12;GLOBAL;341
20042009;2018-2019;12;LECTURA CRITICA;68
20042009;2018-2019;12;MATEMATICAS;71
20042009;2018-2019;12;SOCIALES Y CIUDADANAS;63
20042009;2018-2019;12;CIENCIAS;64
20042009;2018-2019;12;INGLES;85
20042009;2018-2019;12;GLOBAL;340
20042042;2018-2019;12;LECTURA CRITICA;63
20042042;2018-2019;12;MATEMATICAS;69
20042042;2018-2019;12;SOCIALES Y CIUDADANAS;60
20042042;2018-2019;12;CIENCIAS;72
20042042;2018-2019;12;INGLES;86
20042042;2018-2019;12;GLOBAL;338
20042036;2018-2019;12;LECTURA CRITICA;60
20042036;2018-2019;12;MATEMATICAS;77
20042036;2018-2019;12;SOCIALES Y CIUDADANAS;64
20042036;2018-2019;12;CIENCIAS;65
20042036;2018-2019;12;INGLES;78
20042036;2018-2019;12;GLOBAL;337
20042157;2018-2019;12;LECTURA CRITICA;75
20042157;2018-2019;12;MATEMATICAS;67
20042157;2018-2019;12;SOCIALES Y CIUDADANAS;63
20042157;2018-2019;12;CIENCIAS;59
20042157;2018-2019;12;INGLES;84
20042157;2018-2019;12;GLOBAL;337
20042024;2018-2019;12;LECTURA CRITICA;60
20042024;2018-2019;12;MATEMATICAS;70
20042024;2018-2019;12;SOCIALES Y CIUDADANAS;69
20042024;2018-2019;12;CIENCIAS;64
20042024;2018-2019;12;INGLES;78
20042024;2018-2019;12;GLOBAL;333
20042026;2018-2019;12;LECTURA CRITICA;70
20042026;2018-2019;12;MATEMATICAS;71
20042026;2018-2019;12;SOCIALES Y CIUDADANAS;57
20042026;2018-2019;12;CIENCIAS;61
20042026;2018-2019;12;INGLES;90
20042026;2018-2019;12;GLOBAL;333
20042038;2018-2019;12;LECTURA CRITICA;62
20042038;2018-2019;12;MATEMATICAS;67
20042038;2018-2019;12;SOCIALES Y CIUDADANAS;58
20042038;2018-2019;12;CIENCIAS;68
20042038;2018-2019;12;INGLES;84
20042038;2018-2019;12;GLOBAL;327
20042077;2018-2019;12;LECTURA CRITICA;69
20042077;2018-2019;12;MATEMATICAS;63
20042077;2018-2019;12;SOCIALES Y CIUDADANAS;62
20042077;2018-2019;12;CIENCIAS;59
20042077;2018-2019;12;INGLES;80
20042077;2018-2019;12;GLOBAL;323
20072364;2018-2019;12;LECTURA CRITICA;56
20072364;2018-2019;12;MATEMATICAS;69
20072364;2018-2019;12;SOCIALES Y CIUDADANAS;61
20072364;2018-2019;12;CIENCIAS;66
20072364;2018-2019;12;INGLES;79
20072364;2018-2019;12;GLOBAL;321
20052157;2018-2019;12;LECTURA CRITICA;60
20052157;2018-2019;12;MATEMATICAS;66
20052157;2018-2019;12;SOCIALES Y CIUDADANAS;62
20052157;2018-2019;12;CIENCIAS;61
20052157;2018-2019;12;INGLES;81
20052157;2018-2019;12;GLOBAL;318
20042045;2018-2019;12;LECTURA CRITICA;60
20042045;2018-2019;12;MATEMATICAS;59
20042045;2018-2019;12;SOCIALES Y CIUDADANAS;60
20042045;2018-2019;12;CIENCIAS;68
20042045;2018-2019;12;INGLES;78
20042045;2018-2019;12;GLOBAL;315
20042052;2018-2019;12;LECTURA CRITICA;59
20042052;2018-2019;12;MATEMATICAS;64
20042052;2018-2019;12;SOCIALES Y CIUDADANAS;60
20042052;2018-2019;12;CIENCIAS;64
20042052;2018-2019;12;INGLES;79
20042052;2018-2019;12;GLOBAL;315
20042046;2018-2019;12;LECTURA CRITICA;64
20042046;2018-2019;12;MATEMATICAS;61
20042046;2018-2019;12;SOCIALES Y CIUDADANAS;62
20042046;2018-2019;12;CIENCIAS;60
20042046;2018-2019;12;INGLES;79
20042046;2018-2019;12;GLOBAL;315
20052150;2018-2019;12;LECTURA CRITICA;58
20052150;2018-2019;12;MATEMATICAS;64
20052150;2018-2019;12;SOCIALES Y CIUDADANAS;59
20052150;2018-2019;12;CIENCIAS;65
20052150;2018-2019;12;INGLES;78
20052150;2018-2019;12;GLOBAL;314
20042014;2018-2019;12;LECTURA CRITICA;65
20042014;2018-2019;12;MATEMATICAS;60
20042014;2018-2019;12;SOCIALES Y CIUDADANAS;61
20042014;2018-2019;12;CIENCIAS;58
20042014;2018-2019;12;INGLES;84
20042014;2018-2019;12;GLOBAL;314
20042043;2018-2019;12;LECTURA CRITICA;64
20042043;2018-2019;12;MATEMATICAS;65
20042043;2018-2019;12;SOCIALES Y CIUDADANAS;61
20042043;2018-2019;12;CIENCIAS;56
20042043;2018-2019;12;INGLES;74
20042043;2018-2019;12;GLOBAL;312
20042166;2018-2019;12;LECTURA CRITICA;59
20042166;2018-2019;12;MATEMATICAS;58
20042166;2018-2019;12;SOCIALES Y CIUDADANAS;62
20042166;2018-2019;12;CIENCIAS;65
20042166;2018-2019;12;INGLES;80
20042166;2018-2019;12;GLOBAL;312
20032005;2018-2019;12;LECTURA CRITICA;58
20032005;2018-2019;12;MATEMATICAS;66
20032005;2018-2019;12;SOCIALES Y CIUDADANAS;50
20032005;2018-2019;12;CIENCIAS;52
20032005;2018-2019;12;INGLES;80
20032005;2018-2019;12;GLOBAL;292
20052159;2018-2019;12;LECTURA CRITICA;55
20052159;2018-2019;12;MATEMATICAS;62
20052159;2018-2019;12;SOCIALES Y CIUDADANAS;54
20052159;2018-2019;12;CIENCIAS;57
20052159;2018-2019;12;INGLES;75
20052159;2018-2019;12;GLOBAL;292
20042011;2018-2019;12;LECTURA CRITICA;49
20042011;2018-2019;12;MATEMATICAS;58
20042011;2018-2019;12;SOCIALES Y CIUDADANAS;61
20042011;2018-2019;12;CIENCIAS;59
20042011;2018-2019;12;INGLES;79
20042011;2018-2019;12;GLOBAL;292
20042158;2018-2019;12;LECTURA CRITICA;55
20042158;2018-2019;12;MATEMATICAS;63
20042158;2018-2019;12;SOCIALES Y CIUDADANAS;51
20042158;2018-2019;12;CIENCIAS;55
20042158;2018-2019;12;INGLES;78
20042158;2018-2019;12;GLOBAL;288
20070170;2018-2019;12;LECTURA CRITICA;56
20070170;2018-2019;12;MATEMATICAS;62
20070170;2018-2019;12;SOCIALES Y CIUDADANAS;50
20070170;2018-2019;12;CIENCIAS;54
20070170;2018-2019;12;INGLES;79
20070170;2018-2019;12;GLOBAL;287
20032035;2018-2019;12;LECTURA CRITICA;59
20032035;2018-2019;12;MATEMATICAS;58
20032035;2018-2019;12;SOCIALES Y CIUDADANAS;51
20032035;2018-2019;12;CIENCIAS;52
20032035;2018-2019;12;INGLES;78
20032035;2018-2019;12;GLOBAL;284
20082142;2021-2022;12;LECTURA CRITICA;72
20082142;2021-2022;12;MATEMATICAS;100
20082142;2021-2022;12;SOCIALES Y CIUDADANAS;74
20082142;2021-2022;12;CIENCIAS;79
20082142;2021-2022;12;INGLES;86
20082142;2021-2022;12;GLOBAL;408
20072024;2021-2022;12;LECTURA CRITICA;71
20072024;2021-2022;12;MATEMATICAS;100
20072024;2021-2022;12;SOCIALES Y CIUDADANAS;79
20072024;2021-2022;12;CIENCIAS;76
20072024;2021-2022;12;INGLES;79
20072024;2021-2022;12;GLOBAL;407
20082132;2021-2022;12;LECTURA CRITICA;80
20082132;2021-2022;12;MATEMATICAS;81
20082132;2021-2022;12;SOCIALES Y CIUDADANAS;79
20082132;2021-2022;12;CIENCIAS;78
20082132;2021-2022;12;INGLES;100
20082132;2021-2022;12;GLOBAL;405
20072023;2021-2022;12;LECTURA CRITICA;74
20072023;2021-2022;12;MATEMATICAS;100
20072023;2021-2022;12;SOCIALES Y CIUDADANAS;77
20072023;2021-2022;12;CIENCIAS;69
20072023;2021-2022;12;INGLES;80
20072023;2021-2022;12;GLOBAL;400
20082135;2021-2022;12;LECTURA CRITICA;77
20082135;2021-2022;12;MATEMATICAS;84
20082135;2021-2022;12;SOCIALES Y CIUDADANAS;74
20082135;2021-2022;12;CIENCIAS;75
20082135;2021-2022;12;INGLES;100
20082135;2021-2022;12;GLOBAL;396
20072003;2021-2022;12;LECTURA CRITICA;77
20072003;2021-2022;12;MATEMATICAS;80
20072003;2021-2022;12;SOCIALES Y CIUDADANAS;76
20072003;2021-2022;12;CIENCIAS;73
20072003;2021-2022;12;INGLES;84
20072003;2021-2022;12;GLOBAL;385
20201099;2021-2022;12;LECTURA CRITICA;74
20201099;2021-2022;12;MATEMATICAS;78
20201099;2021-2022;12;SOCIALES Y CIUDADANAS;80
20201099;2021-2022;12;CIENCIAS;67
20201099;2021-2022;12;INGLES;100
20201099;2021-2022;12;GLOBAL;383
20072015;2021-2022;12;LECTURA CRITICA;70
20072015;2021-2022;12;MATEMATICAS;75
20072015;2021-2022;12;SOCIALES Y CIUDADANAS;81
20072015;2021-2022;12;CIENCIAS;73
20072015;2021-2022;12;INGLES;86
20072015;2021-2022;12;GLOBAL;378
20181206;2021-2022;12;LECTURA CRITICA;76
20181206;2021-2022;12;MATEMATICAS;80
20181206;2021-2022;12;SOCIALES Y CIUDADANAS;69
20181206;2021-2022;12;CIENCIAS;73
20181206;2021-2022;12;INGLES;90
20181206;2021-2022;12;GLOBAL;378
20191192;2021-2022;12;LECTURA CRITICA;72
20191192;2021-2022;12;MATEMATICAS;80
20191192;2021-2022;12;SOCIALES Y CIUDADANAS;72
20191192;2021-2022;12;CIENCIAS;73
20191192;2021-2022;12;INGLES;88
20191192;2021-2022;12;GLOBAL;377
20092256;2021-2022;12;LECTURA CRITICA;79
20092256;2021-2022;12;MATEMATICAS;73
20092256;2021-2022;12;SOCIALES Y CIUDADANAS;75
20092256;2021-2022;12;CIENCIAS;69
20092256;2021-2022;12;INGLES;85
20092256;2021-2022;12;GLOBAL;374
20082131;2021-2022;12;LECTURA CRITICA;67
20082131;2021-2022;12;MATEMATICAS;100
20082131;2021-2022;12;SOCIALES Y CIUDADANAS;61
20082131;2021-2022;12;CIENCIAS;68
20082131;2021-2022;12;INGLES;82
20082131;2021-2022;12;GLOBAL;373
20191098;2021-2022;12;LECTURA CRITICA;77
20191098;2021-2022;12;MATEMATICAS;72
20191098;2021-2022;12;SOCIALES Y CIUDADANAS;71
20191098;2021-2022;12;CIENCIAS;74
20191098;2021-2022;12;INGLES;84
20191098;2021-2022;12;GLOBAL;372
20072052;2021-2022;12;LECTURA CRITICA;71
20072052;2021-2022;12;MATEMATICAS;80
20072052;2021-2022;12;SOCIALES Y CIUDADANAS;66
20072052;2021-2022;12;CIENCIAS;77
20072052;2021-2022;12;INGLES;82
20072052;2021-2022;12;GLOBAL;371
20072014;2021-2022;12;LECTURA CRITICA;71
20072014;2021-2022;12;MATEMATICAS;80
20072014;2021-2022;12;SOCIALES Y CIUDADANAS;76
20072014;2021-2022;12;CIENCIAS;65
20072014;2021-2022;12;INGLES;87
20072014;2021-2022;12;GLOBAL;370
20191189;2021-2022;12;LECTURA CRITICA;74
20191189;2021-2022;12;MATEMATICAS;77
20191189;2021-2022;12;SOCIALES Y CIUDADANAS;62
20191189;2021-2022;12;CIENCIAS;73
20191189;2021-2022;12;INGLES;100
20191189;2021-2022;12;GLOBAL;368
20072058;2021-2022;12;LECTURA CRITICA;60
20072058;2021-2022;12;MATEMATICAS;100
20072058;2021-2022;12;SOCIALES Y CIUDADANAS;62
20072058;2021-2022;12;CIENCIAS;68
20072058;2021-2022;12;INGLES;83
20072058;2021-2022;12;GLOBAL;367
20082134;2021-2022;12;LECTURA CRITICA;67
20082134;2021-2022;12;MATEMATICAS;65
20082134;2021-2022;12;SOCIALES Y CIUDADANAS;76
20082134;2021-2022;12;CIENCIAS;73
20082134;2021-2022;12;INGLES;100
20082134;2021-2022;12;GLOBAL;363
20072050;2021-2022;12;LECTURA CRITICA;74
20072050;2021-2022;12;MATEMATICAS;69
20072050;2021-2022;12;SOCIALES Y CIUDADANAS;74
20072050;2021-2022;12;CIENCIAS;66
20072050;2021-2022;12;INGLES;88
20072050;2021-2022;12;GLOBAL;360
20072009;2021-2022;12;LECTURA CRITICA;71
20072009;2021-2022;12;MATEMATICAS;70
20072009;2021-2022;12;SOCIALES Y CIUDADANAS;74
20072009;2021-2022;12;CIENCIAS;69
20072009;2021-2022;12;INGLES;85
20072009;2021-2022;12;GLOBAL;360
20072019;2021-2022;12;LECTURA CRITICA;73
20072019;2021-2022;12;MATEMATICAS;72
20072019;2021-2022;12;SOCIALES Y CIUDADANAS;65
20072019;2021-2022;12;CIENCIAS;69
20072019;2021-2022;12;INGLES;100
20072019;2021-2022;12;GLOBAL;360
20120105;2021-2022;12;LECTURA CRITICA;72
20120105;2021-2022;12;MATEMATICAS;74
20120105;2021-2022;12;SOCIALES Y CIUDADANAS;67
20120105;2021-2022;12;CIENCIAS;70
20120105;2021-2022;12;INGLES;85
20120105;2021-2022;12;GLOBAL;359
20092236;2021-2022;12;LECTURA CRITICA;68
20092236;2021-2022;12;MATEMATICAS;74
20092236;2021-2022;12;SOCIALES Y CIUDADANAS;73
20092236;2021-2022;12;CIENCIAS;68
20092236;2021-2022;12;INGLES;83
20092236;2021-2022;12;GLOBAL;358
20201075;2021-2022;12;LECTURA CRITICA;72
20201075;2021-2022;12;MATEMATICAS;72
20201075;2021-2022;12;SOCIALES Y CIUDADANAS;69
20201075;2021-2022;12;CIENCIAS;65
20201075;2021-2022;12;INGLES;86
20201075;2021-2022;12;GLOBAL;354
20120097;2021-2022;12;LECTURA CRITICA;69
20120097;2021-2022;12;MATEMATICAS;70
20120097;2021-2022;12;SOCIALES Y CIUDADANAS;67
20120097;2021-2022;12;CIENCIAS;73
20120097;2021-2022;12;INGLES;83
20120097;2021-2022;12;GLOBAL;354
20082143;2021-2022;12;LECTURA CRITICA;70
20082143;2021-2022;12;MATEMATICAS;79
20082143;2021-2022;12;SOCIALES Y CIUDADANAS;59
20082143;2021-2022;12;CIENCIAS;70
20082143;2021-2022;12;INGLES;83
20082143;2021-2022;12;GLOBAL;353
20072054;2021-2022;12;LECTURA CRITICA;71
20072054;2021-2022;12;MATEMATICAS;72
20072054;2021-2022;12;SOCIALES Y CIUDADANAS;64
20072054;2021-2022;12;CIENCIAS;72
20072054;2021-2022;12;INGLES;80
20072054;2021-2022;12;GLOBAL;353
20170173;2021-2022;12;LECTURA CRITICA;71
20170173;2021-2022;12;MATEMATICAS;71
20170173;2021-2022;12;SOCIALES Y CIUDADANAS;62
20170173;2021-2022;12;CIENCIAS;68
20170173;2021-2022;12;INGLES;100
20170173;2021-2022;12;GLOBAL;352
20082159;2021-2022;12;LECTURA CRITICA;67
20082159;2021-2022;12;MATEMATICAS;70
20082159;2021-2022;12;SOCIALES Y CIUDADANAS;66
20082159;2021-2022;12;CIENCIAS;74
20082159;2021-2022;12;INGLES;84
20082159;2021-2022;12;GLOBAL;352
20072013;2021-2022;12;LECTURA CRITICA;69
20072013;2021-2022;12;MATEMATICAS;69
20072013;2021-2022;12;SOCIALES Y CIUDADANAS;73
20072013;2021-2022;12;CIENCIAS;67
20072013;2021-2022;12;INGLES;79
20072013;2021-2022;12;GLOBAL;351
20161132;2021-2022;12;LECTURA CRITICA;69
20161132;2021-2022;12;MATEMATICAS;74
20161132;2021-2022;12;SOCIALES Y CIUDADANAS;72
20161132;2021-2022;12;CIENCIAS;62
20161132;2021-2022;12;INGLES;80
20161132;2021-2022;12;GLOBAL;350
20112302;2021-2022;12;LECTURA CRITICA;69
20112302;2021-2022;12;MATEMATICAS;75
20112302;2021-2022;12;SOCIALES Y CIUDADANAS;62
20112302;2021-2022;12;CIENCIAS;64
20112302;2021-2022;12;INGLES;100
20112302;2021-2022;12;GLOBAL;350
20072017;2021-2022;12;LECTURA CRITICA;72
20072017;2021-2022;12;MATEMATICAS;72
20072017;2021-2022;12;SOCIALES Y CIUDADANAS;63
20072017;2021-2022;12;CIENCIAS;69
20072017;2021-2022;12;INGLES;83
20072017;2021-2022;12;GLOBAL;350
20072026;2021-2022;12;LECTURA CRITICA;65
20072026;2021-2022;12;MATEMATICAS;72
20072026;2021-2022;12;SOCIALES Y CIUDADANAS;65
20072026;2021-2022;12;CIENCIAS;67
20072026;2021-2022;12;INGLES;100
20072026;2021-2022;12;GLOBAL;349
20092269;2021-2022;12;LECTURA CRITICA;72
20092269;2021-2022;12;MATEMATICAS;70
20092269;2021-2022;12;SOCIALES Y CIUDADANAS;59
20092269;2021-2022;12;CIENCIAS;68
20092269;2021-2022;12;INGLES;100
20092269;2021-2022;12;GLOBAL;349
20072021;2021-2022;12;LECTURA CRITICA;69
20072021;2021-2022;12;MATEMATICAS;75
20072021;2021-2022;12;SOCIALES Y CIUDADANAS;62
20072021;2021-2022;12;CIENCIAS;69
20072021;2021-2022;12;INGLES;83
20072021;2021-2022;12;GLOBAL;349
20072002;2021-2022;12;LECTURA CRITICA;76
20072002;2021-2022;12;MATEMATICAS;70
20072002;2021-2022;12;SOCIALES Y CIUDADANAS;60
20072002;2021-2022;12;CIENCIAS;67
20072002;2021-2022;12;INGLES;85
20072002;2021-2022;12;GLOBAL;348
20072008;2021-2022;12;LECTURA CRITICA;68
20072008;2021-2022;12;MATEMATICAS;71
20072008;2021-2022;12;SOCIALES Y CIUDADANAS;73
20072008;2021-2022;12;CIENCIAS;63
20072008;2021-2022;12;INGLES;77
20072008;2021-2022;12;GLOBAL;347
20181207;2021-2022;12;LECTURA CRITICA;69
20181207;2021-2022;12;MATEMATICAS;73
20181207;2021-2022;12;SOCIALES Y CIUDADANAS;66
20181207;2021-2022;12;CIENCIAS;66
20181207;2021-2022;12;INGLES;81
20181207;2021-2022;12;GLOBAL;347
20072016;2021-2022;12;LECTURA CRITICA;66
20072016;2021-2022;12;MATEMATICAS;74
20072016;2021-2022;12;SOCIALES Y CIUDADANAS;64
20072016;2021-2022;12;CIENCIAS;66
20072016;2021-2022;12;INGLES;88
20072016;2021-2022;12;GLOBAL;345
20072011;2021-2022;12;LECTURA CRITICA;71
20072011;2021-2022;12;MATEMATICAS;73
20072011;2021-2022;12;SOCIALES Y CIUDADANAS;59
20072011;2021-2022;12;CIENCIAS;69
20072011;2021-2022;12;INGLES;81
20072011;2021-2022;12;GLOBAL;345
20082154;2021-2022;12;LECTURA CRITICA;80
20082154;2021-2022;12;MATEMATICAS;59
20082154;2021-2022;12;SOCIALES Y CIUDADANAS;68
20082154;2021-2022;12;CIENCIAS;57
20082154;2021-2022;12;INGLES;100
20082154;2021-2022;12;GLOBAL;343
20082172;2021-2022;12;LECTURA CRITICA;77
20082172;2021-2022;12;MATEMATICAS;64
20082172;2021-2022;12;SOCIALES Y CIUDADANAS;62
20082172;2021-2022;12;CIENCIAS;64
20082172;2021-2022;12;INGLES;87
20082172;2021-2022;12;GLOBAL;342
20102278;2021-2022;12;LECTURA CRITICA;69
20102278;2021-2022;12;MATEMATICAS;67
20102278;2021-2022;12;SOCIALES Y CIUDADANAS;67
20102278;2021-2022;12;CIENCIAS;66
20102278;2021-2022;12;INGLES;79
20102278;2021-2022;12;GLOBAL;341
20072018;2021-2022;12;LECTURA CRITICA;74
20072018;2021-2022;12;MATEMATICAS;62
20072018;2021-2022;12;SOCIALES Y CIUDADANAS;62
20072018;2021-2022;12;CIENCIAS;68
20072018;2021-2022;12;INGLES;79
20072018;2021-2022;12;GLOBAL;337
20062001;2021-2022;12;LECTURA CRITICA;70
20062001;2021-2022;12;MATEMATICAS;65
20062001;2021-2022;12;SOCIALES Y CIUDADANAS;66
20062001;2021-2022;12;CIENCIAS;62
20062001;2021-2022;12;INGLES;84
20062001;2021-2022;12;GLOBAL;336
20072020;2021-2022;12;LECTURA CRITICA;73
20072020;2021-2022;12;MATEMATICAS;63
20072020;2021-2022;12;SOCIALES Y CIUDADANAS;61
20072020;2021-2022;12;CIENCIAS;66
20072020;2021-2022;12;INGLES;82
20072020;2021-2022;12;GLOBAL;335
20181208;2021-2022;12;LECTURA CRITICA;67
20181208;2021-2022;12;MATEMATICAS;68
20181208;2021-2022;12;SOCIALES Y CIUDADANAS;63
20181208;2021-2022;12;CIENCIAS;63
20181208;2021-2022;12;INGLES;82
20181208;2021-2022;12;GLOBAL;333
20130063;2021-2022;12;LECTURA CRITICA;65
20130063;2021-2022;12;MATEMATICAS;72
20130063;2021-2022;12;SOCIALES Y CIUDADANAS;59
20130063;2021-2022;12;CIENCIAS;66
20130063;2021-2022;12;INGLES;81
20130063;2021-2022;12;GLOBAL;333
20102301;2021-2022;12;LECTURA CRITICA;65
20102301;2021-2022;12;MATEMATICAS;65
20102301;2021-2022;12;SOCIALES Y CIUDADANAS;63
20102301;2021-2022;12;CIENCIAS;68
20102301;2021-2022;12;INGLES;82
20102301;2021-2022;12;GLOBAL;333
20072005;2021-2022;12;LECTURA CRITICA;63
20072005;2021-2022;12;MATEMATICAS;75
20072005;2021-2022;12;SOCIALES Y CIUDADANAS;63
20072005;2021-2022;12;CIENCIAS;57
20072005;2021-2022;12;INGLES;84
20072005;2021-2022;12;GLOBAL;330
20072022;2021-2022;12;LECTURA CRITICA;70
20072022;2021-2022;12;MATEMATICAS;66
20072022;2021-2022;12;SOCIALES Y CIUDADANAS;59
20072022;2021-2022;12;CIENCIAS;57
20072022;2021-2022;12;INGLES;100
20072022;2021-2022;12;GLOBAL;329
20072063;2021-2022;12;LECTURA CRITICA;68
20072063;2021-2022;12;MATEMATICAS;66
20072063;2021-2022;12;SOCIALES Y CIUDADANAS;60
20072063;2021-2022;12;CIENCIAS;65
20072063;2021-2022;12;INGLES;79
20072063;2021-2022;12;GLOBAL;329
20082133;2021-2022;12;LECTURA CRITICA;74
20082133;2021-2022;12;MATEMATICAS;70
20082133;2021-2022;12;SOCIALES Y CIUDADANAS;63
20082133;2021-2022;12;CIENCIAS;51
20082133;2021-2022;12;INGLES;80
20082133;2021-2022;12;GLOBAL;328
20072007;2021-2022;12;LECTURA CRITICA;62
20072007;2021-2022;12;MATEMATICAS;69
20072007;2021-2022;12;SOCIALES Y CIUDADANAS;60
20072007;2021-2022;12;CIENCIAS;64
20072007;2021-2022;12;INGLES;83
20072007;2021-2022;12;GLOBAL;326
20082157;2021-2022;12;LECTURA CRITICA;63
20082157;2021-2022;12;MATEMATICAS;69
20082157;2021-2022;12;SOCIALES Y CIUDADANAS;64
20082157;2021-2022;12;CIENCIAS;60
20082157;2021-2022;12;INGLES;78
20082157;2021-2022;12;GLOBAL;325
20072062;2021-2022;12;LECTURA CRITICA;62
20072062;2021-2022;12;MATEMATICAS;61
20072062;2021-2022;12;SOCIALES Y CIUDADANAS;63
20072062;2021-2022;12;CIENCIAS;61
20072062;2021-2022;12;INGLES;100
20072062;2021-2022;12;GLOBAL;323
20072053;2021-2022;12;LECTURA CRITICA;61
20072053;2021-2022;12;MATEMATICAS;65
20072053;2021-2022;12;SOCIALES Y CIUDADANAS;69
20072053;2021-2022;12;CIENCIAS;56
20072053;2021-2022;12;INGLES;80
20072053;2021-2022;12;GLOBAL;320
20082138;2021-2022;12;LECTURA CRITICA;63
20082138;2021-2022;12;MATEMATICAS;67
20082138;2021-2022;12;SOCIALES Y CIUDADANAS;64
20082138;2021-2022;12;CIENCIAS;58
20082138;2021-2022;12;INGLES;76
20082138;2021-2022;12;GLOBAL;320
20062017;2021-2022;12;LECTURA CRITICA;69
20062017;2021-2022;12;MATEMATICAS;65
20062017;2021-2022;12;SOCIALES Y CIUDADANAS;66
20062017;2021-2022;12;CIENCIAS;47
20062017;2021-2022;12;INGLES;81
20062017;2021-2022;12;GLOBAL;316
20082174;2021-2022;12;LECTURA CRITICA;67
20082174;2021-2022;12;MATEMATICAS;66
20082174;2021-2022;12;SOCIALES Y CIUDADANAS;62
20082174;2021-2022;12;CIENCIAS;49
20082174;2021-2022;12;INGLES;85
20082174;2021-2022;12;GLOBAL;314
20072001;2021-2022;12;LECTURA CRITICA;64
20072001;2021-2022;12;MATEMATICAS;64
20072001;2021-2022;12;SOCIALES Y CIUDADANAS;54
20072001;2021-2022;12;CIENCIAS;63
20072001;2021-2022;12;INGLES;82
20072001;2021-2022;12;GLOBAL;314
20072010;2021-2022;12;LECTURA CRITICA;57
20072010;2021-2022;12;MATEMATICAS;68
20072010;2021-2022;12;SOCIALES Y CIUDADANAS;60
20072010;2021-2022;12;CIENCIAS;60
20072010;2021-2022;12;INGLES;79
20072010;2021-2022;12;GLOBAL;313
20150375;2021-2022;12;LECTURA CRITICA;64
20150375;2021-2022;12;MATEMATICAS;65
20150375;2021-2022;12;SOCIALES Y CIUDADANAS;50
20150375;2021-2022;12;CIENCIAS;57
20150375;2021-2022;12;INGLES;80
20150375;2021-2022;12;GLOBAL;303
20072129;2021-2022;12;LECTURA CRITICA;73
20072129;2021-2022;12;MATEMATICAS;56
20072129;2021-2022;12;SOCIALES Y CIUDADANAS;55
20072129;2021-2022;12;CIENCIAS;51
20072129;2021-2022;12;INGLES;81
20072129;2021-2022;12;GLOBAL;302
20082156;2021-2022;12;LECTURA CRITICA;68
20082156;2021-2022;12;MATEMATICAS;54
20082156;2021-2022;12;SOCIALES Y CIUDADANAS;61
20082156;2021-2022;12;CIENCIAS;52
20082156;2021-2022;12;INGLES;80
20082156;2021-2022;12;GLOBAL;302
20062030;2021-2022;12;LECTURA CRITICA;58
20062030;2021-2022;12;MATEMATICAS;63
20062030;2021-2022;12;SOCIALES Y CIUDADANAS;57
20062030;2021-2022;12;CIENCIAS;58
20062030;2021-2022;12;INGLES;76
20062030;2021-2022;12;GLOBAL;302
20161097;2021-2022;12;LECTURA CRITICA;55
20161097;2021-2022;12;MATEMATICAS;61
20161097;2021-2022;12;SOCIALES Y CIUDADANAS;57
20161097;2021-2022;12;CIENCIAS;59
20161097;2021-2022;12;INGLES;80
20161097;2021-2022;12;GLOBAL;298
20062073;2021-2022;12;LECTURA CRITICA;62
20062073;2021-2022;12;MATEMATICAS;59
20062073;2021-2022;12;SOCIALES Y CIUDADANAS;57
20062073;2021-2022;12;CIENCIAS;53
20062073;2021-2022;12;INGLES;73
20062073;2021-2022;12;GLOBAL;295
20082139;2021-2022;12;LECTURA CRITICA;67
20082139;2021-2022;12;MATEMATICAS;48
20082139;2021-2022;12;SOCIALES Y CIUDADANAS;47
20082139;2021-2022;12;CIENCIAS;44
20082139;2021-2022;12;INGLES;78
20082139;2021-2022;12;GLOBAL;268
20092280;2021-2022;12;LECTURA CRITICA;54
20092280;2021-2022;12;MATEMATICAS;55
20092280;2021-2022;12;SOCIALES Y CIUDADANAS;55
20092280;2021-2022;12;CIENCIAS;49
20092280;2021-2022;12;INGLES;0
20092280;2021-2022;12;GLOBAL;266
20072004;2021-2022;12;LECTURA CRITICA;61
20072004;2021-2022;12;MATEMATICAS;48
20072004;2021-2022;12;SOCIALES Y CIUDADANAS;36
20072004;2021-2022;12;CIENCIAS;52
20072004;2021-2022;12;INGLES;82
20072004;2021-2022;12;GLOBAL;259
